DateTime,Dow/Gold
1792-01-01,0.165033522434244
1793-01-01,0.182568334192883
1794-01-01,0.224342444559051
1795-01-01,0.211964930376483
1796-01-01,0.18308406395049
1797-01-01,0.16761217122228
1798-01-01,0.205776173285199
1799-01-01,0.238782877772047
1800-01-01,0.290355853532749
1801-01-01,0.178958225889634
1802-01-01,0.200618875709128
1803-01-01,0.21763795771016
1804-01-01,0.322846828261991
1805-01-01,0.329035585353275
1806-01-01,0.346054667354306
1807-01-01,0.185662712738525
1808-01-01,0.286230015471893
1809-01-01,0.345023207839092
1810-01-01,0.289324394017535
1811-01-01,0.273852501289324
1812-01-01,0.236719958741619
1813-01-01,0.260959257349149
1814-01-01,0.391463974300138
1815-01-01,0.398465703971119
1816-01-01,0.4375
1817-01-01,0.522434244455905
1818-01-01,0.568849922640536
1819-01-01,0.511603919546158
1820-01-01,0.585353274883961
1821-01-01,0.619907168643631
1822-01-01,0.598246518824136
1823-01-01,0.631768953068592
1824-01-01,0.672511603919546
1825-01-01,0.593604951005673
1826-01-01,0.586384734399175
1827-01-01,0.603919546157813
1828-01-01,0.570912841670964
1829-01-01,0.612171222279526
1830-01-01,0.709644146467251
1831-01-01,0.618875709128417
1832-01-01,0.820526044352759
1833-01-01,0.780299123259412
1834-01-01,0.85741904301595
1835-01-01,0.907684871918801
1836-01-01,0.706138231029483
1837-01-01,0.591666666666667
1838-01-01,0.541244573082489
1839-01-01,0.440424505547516
1840-01-01,0.478051133622769
1841-01-01,0.391388485728108
1842-01-01,0.315128081198647
1843-01-01,0.542815674891147
1844-01-01,0.605708756652153
1845-01-01,0.64392839864538
1846-01-01,0.630865989356555
1847-01-01,0.630865989356555
1848-01-01,0.630865989356555
1849-01-01,0.656507014997581
1850-01-01,0.845670053217223
1851-01-01,0.807934204160619
1852-01-01,1.02225447508466
1853-01-01,0.870827285921625
1854-01-01,0.622641509433962
1855-01-01,0.667634252539913
1856-01-01,0.771165940977262
1857-01-01,0.575567358763882
1858-01-01,0.478955007256894
1859-01-01,0.436865021770682
1860-01-01,0.515239477503628
1861-01-01,0.581519109820997
1862-01-01,0.654478976234004
1863-01-01,0.811399295549152
1864-01-01,0.512973202892386
1865-01-01,0.862673726009265
1866-01-01,0.917551309271054
1867-01-01,0.96805455850682
1868-01-01,1.05330948121646
1869-01-01,1.00955794504182
1870-01-01,1.15122377622378
1871-01-01,1.32757857459053
1872-01-01,1.5028029322984
1873-01-01,1.39841688654354
1874-01-01,1.46123863144218
1875-01-01,1.35683942225998
1876-01-01,1.35739910313901
1877-01-01,1.15670588235294
1878-01-01,1.21459642339294
1879-01-01,1.4644412191582
1880-01-01,1.45766811804548
1881-01-01,1.69279148524432
1882-01-01,1.57861635220126
1883-01-01,1.47121432027092
1884-01-01,1.37687469762941
1885-01-01,1.90082244799226
1886-01-01,1.98500241896468
1887-01-01,1.8180938558297
1888-01-01,1.90566037735849
1889-01-01,2.01064344460571
1890-01-01,1.72617319787131
1891-01-01,2.03047895500726
1892-01-01,1.89695210449927
1893-01-01,1.43057571359458
1894-01-01,1.42235123367199
1895-01-01,1.45476536042574
1896-07-31,1.54910498306725
1896-08-31,1.54668601838413
1896-09-30,1.74407353652637
1896-10-31,1.91243347847121
1896-11-30,1.98355104015481
1896-12-31,1.95694242864054
1897-01-31,2.05902273826802
1897-02-28,2.01790033865506
1897-03-31,1.90953072085148
1897-04-30,1.8848572810837
1897-05-31,1.93081761006289
1897-06-30,2.13352685050798
1897-07-31,2.31640058055152
1897-08-31,2.65166908563135
1897-09-30,2.46637639090469
1897-10-31,2.37203676826318
1897-11-30,2.29608127721335
1897-12-31,2.39042089985486
1898-01-31,2.41944847605225
1898-02-28,2.23367198838897
1898-03-31,2.19738751814223
1898-04-30,2.22544750846638
1898-05-31,2.55152394775036
1898-06-30,2.54571843251088
1898-07-31,2.62215771649734
1898-08-31,2.91969037252056
1898-09-30,2.58538945331398
1898-10-31,2.68166424770198
1898-11-30,2.76729559748428
1898-12-31,2.92791485244315
1899-01-31,3.11320754716981
1899-02-28,3.23076923076923
1899-03-31,3.59603289791969
1899-04-30,3.71117561683599
1899-05-31,3.26608611514272
1899-06-30,3.40493468795356
1899-07-31,3.5670053217223
1899-08-31,3.66037735849057
1899-09-30,3.52539912917271
1899-10-31,3.62699564586357
1899-11-30,3.65505563618771
1899-12-31,3.19690372520561
1900-01-31,3.19932268988873
1900-02-28,3.09433962264151
1900-03-31,3.19400096758587
1900-04-30,2.96710208030963
1900-05-31,2.85921625544267
1900-06-30,2.65747460087083
1900-07-31,2.74794388001935
1900-08-31,2.79680696661829
1900-09-30,2.6255442670537
1900-10-31,2.85631349782293
1900-11-30,3.22157716497339
1900-12-31,3.42089985486212
1901-01-31,3.2322206095791
1901-02-28,3.24141267537494
1901-03-31,3.38268021286889
1901-04-30,3.66715045960329
1901-05-31,3.66569908079342
1901-06-30,3.77068214804064
1901-07-31,3.46540880503145
1901-08-31,3.5544267053701
1901-09-30,3.22496371552975
1901-10-31,3.11804547653604
1901-11-30,3.14513788098694
1901-12-31,3.1233671988389
1902-01-31,3.1422351233672
1902-02-28,3.13546202225448
1902-03-31,3.25060474117078
1902-04-30,3.24189646831156
1902-05-31,3.2133526850508
1902-06-30,3.11127237542332
1902-07-31,3.18432510885341
1902-08-31,3.20657958393807
1902-09-30,3.20029027576197
1902-10-31,3.19545234639574
1902-11-30,3.00193517174649
1902-12-31,3.11030478955007
1903-01-31,3.15336236090953
1903-02-28,3.20222544750847
1903-03-31,3.07885824866957
1903-04-30,3.08563134978229
1903-05-31,2.91582002902758
1903-06-30,2.85824866956942
1903-07-31,2.45573294629898
1903-08-31,2.5732946298984
1903-09-30,2.21577164973391
1903-10-31,2.18335752298016
1903-11-30,2.14465408805031
1903-12-31,2.37590711175617
1904-01-31,2.36623125302371
1904-02-29,2.29946782776971
1904-03-31,2.37639090469279
1904-04-30,2.36090953072085
1904-05-31,2.33091436865022
1904-06-30,2.38268021286889
1904-07-31,2.52201257861635
1904-08-31,2.64005805515239
1904-09-30,2.78616352201258
1904-10-31,3.04934687953556
1904-11-30,3.48427672955975
1904-12-31,3.36768263183357
1905-01-31,3.45089501693275
1905-02-28,3.63570391872279
1905-03-31,3.87131107885825
1905-04-30,3.68069666182874
1905-05-31,3.59554910498307
1905-06-30,3.71891630382196
1905-07-31,3.95258829221093
1905-08-31,3.90082244799226
1905-09-30,3.9622641509434
1905-10-31,4.05273343009192
1905-11-30,4.34881470730527
1905-12-31,4.65408805031447
1906-01-31,4.87131107885825
1906-02-28,4.54475084663764
1906-03-31,4.6903725205612
1906-04-30,4.37977745524915
1906-05-31,4.5355587808418
1906-06-30,4.20948234155781
1906-07-31,4.4707305273343
1906-08-31,4.548137397194
1906-09-30,4.58829221093372
1906-10-31,4.49492017416546
1906-11-30,4.60183841315917
1906-12-31,4.56458635703919
1907-01-31,4.43638122883406
1907-02-28,4.38026124818578
1907-03-31,3.87760038703435
1907-04-30,4.07837445573295
1907-05-31,3.77842283502661
1907-06-30,3.88776003870343
1907-07-31,3.81567489114659
1907-08-31,3.49685534591195
1907-09-30,3.2762457668118
1907-10-31,2.79148524431543
1907-11-30,2.82583454281567
1907-12-31,2.84228350266086
1908-01-31,3.033381712627
1908-02-29,2.9288824383164
1908-03-31,3.26608611514272
1908-04-30,3.36477987421384
1908-05-31,3.52007740686986
1908-06-30,3.51185292694727
1908-07-31,3.88679245283019
1908-08-31,4.09579100145138
1908-09-30,3.86695694242864
1908-10-31,3.99274310595065
1908-11-30,4.22351233671988
1908-12-31,4.16787614900822
1909-01-31,4.06821480406386
1909-02-28,3.95984518626028
1909-03-31,4.16642477019836
1909-04-30,4.27140783744557
1909-05-31,4.45960328979197
1909-06-30,4.4644412191582
1909-07-31,4.68263183357523
1909-08-31,4.7363328495404
1909-09-30,4.81615868408321
1909-10-31,4.7929366231253
1909-11-30,4.64537977745525
1909-12-31,4.79196903725206
1910-01-31,4.44654088050314
1910-02-28,4.41896468311563
1910-03-31,4.34010643444606
1910-04-30,4.17029511369134
1910-05-31,4.17610062893082
1910-06-30,3.92743105950653
1910-07-31,3.70004837929366
1910-08-31,3.85486211901306
1910-09-30,3.85679729075955
1910-10-31,4.10111272375423
1910-11-30,3.99225931301403
1910-12-31,3.93613933236575
1911-01-31,4.1088534107402
1911-02-28,4.11320754716981
1911-03-31,4.02854378326076
1911-04-30,4.04692791485244
1911-05-31,4.13884857281084
1911-06-30,4.15965166908563
1911-07-31,4.16158684083212
1911-08-31,3.83405902273827
1911-09-30,3.69182389937107
1911-10-31,3.66666666666667
1911-11-30,3.91727140783745
1911-12-31,3.95162070633769
1912-01-31,3.87953555878084
1912-02-29,3.93807450411224
1912-03-31,4.27044025157233
1912-04-30,4.36865021770682
1912-05-31,4.25786163522013
1912-06-30,4.39864537977746
1912-07-31,4.34010643444606
1912-08-31,4.43009192065796
1912-09-30,4.55491049830672
1912-10-31,4.38848572810837
1912-11-30,4.42186744073537
1912-12-31,4.2510885341074
1913-01-31,4.05031446540881
1913-02-28,3.88582486695694
1913-03-31,3.91485244315433
1913-04-30,3.79970972423803
1913-05-31,3.79196903725206
1913-06-30,3.62312530237058
1913-07-31,3.79680696661829
1913-08-31,3.95791001451379
1913-09-30,3.88824383164006
1913-10-31,3.78809869375907
1913-11-30,3.67392356071601
1913-12-31,3.81132075471698
1914-01-31,4.00822447992259
1914-02-28,3.97968069666183
1914-03-31,3.98597000483793
1914-04-30,3.82776971456217
1914-05-31,3.94629898403483
1914-06-30,3.90227382680213
1914-07-31,3.45524915336236
1914-12-31,2.64054184808902
1915-01-31,2.76536042573778
1915-02-28,2.66956942428641
1915-03-31,2.94291243347847
1915-04-30,3.47266569908079
1915-05-31,3.12868892114175
1915-06-30,3.38945331398162
1915-07-31,3.64489598451863
1915-08-31,3.92839864537978
1915-09-30,4.38219641993227
1915-10-31,4.64537977745525
1915-11-30,4.67876149008224
1915-12-31,4.79680696661829
1916-01-31,4.38219641993227
1916-02-29,4.40396710208031
1916-03-31,4.51136913401064
1916-04-30,4.34349298500242
1916-05-31,4.44121915820029
1916-06-30,4.33381712626996
1916-07-31,4.31785195936139
1916-08-31,4.46298984034833
1916-09-30,4.97822931785196
1916-10-31,5.06095791001451
1916-11-30,5.12675374939526
1916-12-31,4.59603289791969
1917-01-31,4.61683599419449
1917-02-28,4.42960812772134
1917-03-31,4.61586840832124
1917-04-30,4.5104015481374
1917-05-31,4.71117561683599
1917-06-30,4.6381228834059
1917-07-31,4.43880019351717
1917-08-31,4.03483309143687
1917-09-30,4.05466860183841
1917-10-31,3.60425737784228
1917-11-30,3.51475568456701
1917-12-31,3.59845186260281
1918-01-31,3.86066763425254
1918-02-28,3.8892114175133
1918-03-31,3.71165940977262
1918-04-30,3.74987905176584
1918-05-31,3.77745524915336
1918-06-30,4
1918-07-31,3.92985002418965
1918-08-31,4.00774068698597
1918-09-30,4.09675858732463
1918-10-31,4.13691340106434
1918-11-30,3.92501209482341
1918-12-31,3.97677793904209
1919-01-31,3.89985486211901
1919-02-28,4.10304789550073
1919-03-31,4.29850024189647
1919-04-30,4.49346879535559
1919-05-31,5.10401548137397
1919-06-30,5.17561683599419
1919-07-31,5.18432510885341
1919-08-31,5.06773101112724
1919-09-30,5.39042089985486
1919-10-31,5.75326560232221
1919-11-30,5.01209482341558
1919-12-31,5.18771165940977
1920-01-31,5.02273826802129
1920-02-29,4.41751330430576
1920-03-31,4.97387518142235
1920-04-30,4.52539912917271
1920-05-31,4.45379777455249
1920-06-30,4.39090469279149
1920-07-31,4.20174165457184
1920-08-31,4.16835994194485
1920-09-30,4.01306240928882
1920-10-31,4.10982099661345
1920-11-30,3.67876149008224
1920-12-31,3.48089017900339
1921-01-31,3.68311562651185
1921-02-28,3.62747943880019
1921-03-31,3.6652152878568
1921-04-30,3.81422351233672
1921-05-31,3.55297532656023
1921-06-30,3.31156265118529
1921-07-31,3.33139816158684
1921-08-31,3.24673439767779
1921-09-30,3.43880019351717
1921-10-31,3.5418480890179
1921-11-30,3.73971940009676
1921-12-31,3.92356071601355
1922-01-31,3.93323657474601
1922-02-28,4.13449443638123
1922-03-31,4.30817610062893
1922-04-30,4.48669569424286
1922-05-31,4.62651185292695
1922-06-30,4.4958877600387
1922-07-31,4.69521044992743
1922-08-31,4.87566521528786
1922-09-30,4.6589259796807
1922-10-31,4.64973391388486
1922-11-30,4.57910014513788
1922-12-31,4.77648766328012
1923-01-31,4.71359458151911
1923-02-28,5.02660861151427
1923-03-31,4.97097242380261
1923-04-30,4.75955491049831
1923-05-31,4.71843251088534
1923-06-30,4.25012094823416
1923-07-31,4.20464441219158
1923-08-31,4.52152878567973
1923-09-30,4.25205611998065
1923-10-31,4.28301886792453
1923-11-30,4.46734397677794
1923-12-31,4.62119013062409
1924-01-31,4.86985970004838
1924-02-29,4.70343492985002
1924-03-31,4.49975810353169
1924-04-30,4.38461538461538
1924-05-31,4.3492985002419
1924-06-30,4.66231253023706
1924-07-31,4.9414610546686
1924-08-31,5.08756652152879
1924-09-30,4.99080793420416
1924-10-31,5.03434929850024
1924-11-30,5.38848572810837
1924-12-31,5.83018867924528
1925-01-31,5.96129656507015
1925-02-28,5.93662312530237
1925-03-31,5.64828253507499
1925-04-30,5.80599903241413
1925-05-31,6.28688921141751
1925-06-30,6.33817126269956
1925-07-31,6.47363328495404
1925-08-31,6.83018867924528
1925-09-30,6.94049346879536
1925-10-31,7.57232704402516
1925-11-30,7.30914368650218
1925-12-31,7.57910014513788
1926-01-31,7.61683599419448
1926-02-28,7.47218190614417
1926-03-31,6.79535558780842
1926-04-30,6.95258829221093
1926-05-31,6.93904208998549
1926-06-30,7.40396710208031
1926-07-31,7.76342525399129
1926-08-31,7.86211901306241
1926-09-30,7.65312046444122
1926-10-31,7.27527818093856
1926-11-30,7.57377842283503
1926-12-31,7.60522496371553
1927-01-31,7.5670053217223
1927-02-28,7.83551040154814
1927-03-31,7.74455732946299
1927-04-30,7.94436381228834
1927-05-31,8.36768263183357
1927-06-30,8.04208998548621
1927-07-31,8.83454281567489
1927-08-31,9.18190614417029
1927-09-30,9.55926463473633
1927-10-31,8.79196903725206
1927-11-30,9.58925979680697
1927-12-31,9.79196903725206
1928-01-31,9.60764392839864
1928-02-29,9.42331881954523
1928-03-31,10.3217223028544
1928-04-30,10.2385099177552
1928-05-31,10.6342525399129
1928-06-30,10.1862602805999
1928-07-31,10.4499274310595
1928-08-31,11.6308659893566
1928-09-30,11.5834542815675
1928-10-31,12.1993226898887
1928-11-30,14.1935171746492
1928-12-31,14.5137880986938
1929-01-31,15.3609095307209
1929-02-28,15.3560716013546
1929-03-31,14.9419448476052
1929-04-30,15.4470246734398
1929-05-31,14.3884857281084
1929-06-30,16.1485244315433
1929-07-31,16.8214804063861
1929-08-31,18.4000967585873
1929-09-30,16.6158684083212
1929-10-31,13.2322206095791
1929-11-30,11.5602322206096
1929-12-31,12.0212868892114
1930-01-31,12.9240445089502
1930-02-28,13.1161103047896
1930-03-31,13.8413159167876
1930-04-30,13.5089501693275
1930-05-31,13.3076923076923
1930-06-30,10.9501693275278
1930-07-31,11.3202709240445
1930-08-31,11.6313497822932
1930-09-30,9.91291727140784
1930-10-31,8.870343492985
1930-11-30,8.87227866473149
1930-12-31,7.9622641509434
1931-01-31,8.10595065312046
1931-02-28,9.17561683599419
1931-03-31,8.33865505563619
1931-04-30,7.31446540880503
1931-05-31,6.21480406386067
1931-06-30,7.2656023222061
1931-07-31,6.55007256894049
1931-08-31,6.74455732946299
1931-09-30,4.67392356071601
1931-10-31,5.10062893081761
1931-11-30,4.54136429608128
1931-12-31,3.76874697629415
1932-01-31,3.68601838413159
1932-02-29,3.94000967585873
1932-03-31,3.54523463957426
1932-04-30,2.71456216739236
1932-05-31,2.16448959845186
1932-06-30,2.07256894049347
1932-07-31,2.62506047411708
1932-08-31,3.53942912433478
1932-09-30,3.46202225447508
1932-10-31,2.99467827769715
1932-11-30,2.72617319787131
1932-12-31,2.89937106918239
1933-01-31,1.88428217821782
1933-02-28,1.59003712871287
1933-03-31,1.71410891089109
1933-04-30,2.40284653465347
1933-05-31,2.72617574257426
1933-06-30,3.0365099009901
1933-07-31,2.80847772277228
1933-08-31,3.16862623762376
1933-09-30,2.93378712871287
1933-10-31,2.72772277227723
1933-11-30,3.0365099009901
1933-12-31,3.09096534653465
1934-01-31,3.06342857142857
1934-02-28,2.956
1934-03-31,2.91
1934-04-30,2.87114285714286
1934-05-31,2.68571428571429
1934-06-30,2.73485714285714
1934-07-31,2.51571428571429
1934-08-31,2.65314285714286
1934-09-30,2.64657142857143
1934-10-31,2.66742857142857
1934-11-30,2.94114285714286
1934-12-31,2.97257142857143
1935-01-31,2.90542857142857
1935-02-28,2.92514285714286
1935-03-31,2.88028571428571
1935-04-30,3.12714285714286
1935-05-31,3.16114285714286
1935-06-30,3.37742857142857
1935-07-31,3.60657142857143
1935-08-31,3.654
1935-09-30,3.76914285714286
1935-10-31,3.99257142857143
1935-11-30,4.06714285714286
1935-12-31,4.118
1936-01-31,4.27114285714286
1936-02-29,4.34714285714286
1936-03-31,4.46685714285714
1936-04-30,4.162
1936-05-31,4.36114285714286
1936-06-30,4.50542857142857
1936-07-31,4.71028571428572
1936-08-31,4.75114285714286
1936-09-30,4.79485714285714
1936-10-31,5.06257142857143
1936-11-30,5.23485714285714
1936-12-31,5.14
1937-01-31,5.30685714285714
1937-02-28,5.35142857142857
1937-03-31,5.326
1937-04-30,4.97914285714286
1937-05-31,4.99171428571429
1937-06-30,4.83771428571429
1937-07-31,5.30314285714286
1937-08-31,5.06885714285714
1937-09-30,4.41628571428571
1937-10-31,3.94771428571429
1937-11-30,3.528
1937-12-31,3.45285714285714
1938-01-31,3.482
1938-02-28,3.704
1938-03-31,2.82714285714286
1938-04-30,3.17942857142857
1938-05-31,3.07828571428571
1938-06-30,3.82514285714286
1938-07-31,4.03571428571429
1938-08-31,3.97914285714286
1938-09-30,4.04142857142857
1938-10-31,4.33514285714286
1938-11-30,4.28057142857143
1938-12-31,4.42171428571429
1939-01-31,4.10742857142857
1939-02-28,4.20857142857143
1939-03-31,3.76685714285714
1939-04-30,3.67
1939-05-31,3.948
1939-06-30,3.73228571428571
1939-07-31,4.09314285714286
1939-08-31,3.84028571428571
1939-09-30,4.35828571428571
1939-10-31,4.33942857142857
1939-11-30,4.16257142857143
1939-12-31,4.29257142857143
1940-01-31,4.21246376811594
1940-02-29,4.24753623188406
1940-03-31,4.28840579710145
1940-04-30,4.30231884057971
1940-05-31,3.36869565217391
1940-06-30,3.53246376811594
1940-07-31,3.65623188405797
1940-08-31,3.75130434782609
1940-09-30,3.84463768115942
1940-10-31,3.90173913043478
1940-11-30,3.79710144927536
1940-12-31,3.80086956521739
1941-01-31,3.49661971830986
1941-02-28,3.43577464788732
1941-03-31,3.4569014084507
1941-04-30,3.25464788732394
1941-05-31,3.26084507042254
1941-06-30,3.4687323943662
1941-07-31,3.62788732394366
1941-08-31,3.59718309859155
1941-09-30,3.57239436619718
1941-10-31,3.31887323943662
1941-11-30,3.21774647887324
1941-12-31,3.1256338028169
1942-01-31,3.07352112676056
1942-02-28,3.00816901408451
1942-03-31,2.80366197183099
1942-04-30,2.68591549295775
1942-05-31,2.84169014084507
1942-06-30,2.91098591549296
1942-07-31,2.97802816901408
1942-08-31,2.99521126760563
1942-09-30,3.07352112676056
1942-10-31,3.21323943661972
1942-11-30,3.22535211267606
1942-12-31,3.36338028169014
1943-01-31,3.44054794520548
1943-02-28,3.56465753424658
1943-03-31,3.74164383561644
1943-04-30,3.71178082191781
1943-05-31,3.89205479452055
1943-06-30,3.92821917808219
1943-07-31,3.72465753424657
1943-08-31,3.74301369863014
1943-09-30,3.83890410958904
1943-10-31,3.78821917808219
1943-11-30,3.54986301369863
1943-12-31,3.72301369863014
1944-01-31,3.79034482758621
1944-02-29,3.76
1944-03-31,3.83006896551724
1944-04-30,3.75806896551724
1944-05-31,3.92386206896552
1944-06-30,4.09324137931035
1944-07-31,4.03062068965517
1944-08-31,4.05489655172414
1944-09-30,4.04772413793103
1944-10-31,4.04220689655172
1944-11-30,4.06427586206897
1944-12-31,4.20193103448276
1945-01-31,4.12536912751678
1945-02-28,4.30604026845638
1945-03-31,4.14523489932886
1945-04-30,4.44134228187919
1945-05-31,4.51812080536913
1945-06-30,4.43731543624161
1945-07-31,4.37261744966443
1945-08-31,4.67892617449664
1945-09-30,4.87812080536913
1945-10-31,5.00939597315436
1945-11-30,5.13986577181208
1945-12-31,5.17879194630873
1946-01-31,5.35084967320261
1946-02-28,4.96967320261438
1946-03-31,5.22222222222222
1946-04-30,5.40575163398693
1946-05-31,5.54980392156863
1946-06-30,5.3756862745098
1946-07-31,5.26954248366013
1946-08-31,4.94614379084967
1946-09-30,4.50771241830065
1946-10-31,4.42222222222222
1946-11-30,4.43921568627451
1946-12-31,4.63267973856209
1947-01-31,4.19627906976744
1947-02-28,4.16046511627907
1947-03-31,4.12093023255814
1947-04-30,3.96837209302326
1947-05-31,3.93604651162791
1947-06-30,4.12325581395349
1947-07-31,4.26
1947-08-31,4.1593023255814
1947-09-30,4.12767441860465
1947-10-31,4.22813953488372
1947-11-30,4.17209302325581
1947-12-31,4.21302325581395
1948-01-31,4.16785714285714
1948-02-29,3.98333333333333
1948-03-31,4.21904761904762
1948-04-30,4.29785714285714
1948-05-31,4.54142857142857
1948-06-30,4.51095238095238
1948-07-31,4.31738095238095
1948-08-31,4.32642857142857
1948-09-30,4.2452380952381
1948-10-31,4.49095238095238
1948-11-30,4.07619047619048
1948-12-31,4.22142857142857
1949-01-31,4.42271604938272
1949-02-28,4.27308641975309
1949-03-31,4.37283950617284
1949-04-30,4.30024691358025
1949-05-31,4.15703703703704
1949-06-30,4.13382716049383
1949-07-31,4.3437037037037
1949-08-31,4.41135802469136
1949-09-30,4.50641975308642
1949-10-31,4.68
1949-11-30,4.72962962962963
1949-12-31,4.94148148148148
1950-01-31,5.01341614906832
1950-02-28,5.0544099378882
1950-03-31,5.11925465838509
1950-04-30,5.32496894409938
1950-05-31,5.55080745341615
1950-06-30,5.19527950310559
1950-07-31,5.20248447204969
1950-08-31,5.38807453416149
1950-09-30,5.62385093167702
1950-10-31,5.59031055900621
1950-11-30,5.65465838509317
1950-12-31,5.84869565217391
1951-01-31,6.22075
1951-02-28,6.30125
1951-03-31,6.1985
1951-04-30,6.47825
1951-05-31,6.24125
1951-06-30,6.066
1951-07-31,6.4465
1951-08-31,6.75625
1951-09-30,6.779
1951-10-31,6.55875
1951-11-30,6.53175
1951-12-31,6.73075
1952-01-31,6.99457364341085
1952-02-29,6.72041343669251
1952-03-31,6.96279069767442
1952-04-30,6.65710594315245
1952-05-31,6.79431524547804
1952-06-30,7.08682170542636
1952-07-31,7.22377260981912
1952-08-31,7.10697674418605
1952-09-30,6.99250645994832
1952-10-31,6.95684754521964
1952-11-30,7.3297157622739
1952-12-31,7.54263565891473
1953-01-31,8.1625352112676
1953-02-28,8.00760563380282
1953-03-31,7.88366197183099
1953-04-30,7.73943661971831
1953-05-31,7.66985915492958
1953-06-30,7.55661971830986
1953-07-31,7.75718309859155
1953-08-31,7.35830985915493
1953-09-30,7.43774647887324
1953-10-31,7.76929577464789
1953-11-30,7.92591549295775
1953-12-31,7.91267605633803
1954-01-31,8.29475177304965
1954-02-28,8.35574468085106
1954-03-31,8.61021276595745
1954-04-30,9.05900709219858
1954-05-31,9.29049645390071
1954-06-30,9.46184397163121
1954-07-31,9.87007092198582
1954-08-31,9.52624113475177
1954-09-30,10.2258156028369
1954-10-31,9.98978723404255
1954-11-30,10.9721985815603
1954-12-31,11.4720567375887
1955-01-31,11.6310099573257
1955-02-28,11.7174964438122
1955-03-31,11.6557610241821
1955-04-30,12.1095305832148
1955-05-31,12.0870554765292
1955-06-30,12.8415362731152
1955-07-31,13.25320056899
1955-08-31,13.3194879089616
1955-09-30,13.275106685633
1955-10-31,12.9408250355619
1955-11-30,13.748506401138
1955-12-31,13.8947368421053
1956-01-31,13.3732954545455
1956-02-29,13.7400568181818
1956-03-31,14.5394886363636
1956-04-30,14.6625
1956-05-31,13.5809659090909
1956-06-30,13.9994318181818
1956-07-31,14.7105113636364
1956-08-31,14.2625
1956-09-30,13.5014204545455
1956-10-31,13.6321022727273
1956-11-30,13.43125
1956-12-31,14.1894886363636
1957-01-31,13.5931914893617
1957-02-28,13.1807092198582
1957-03-31,13.4697872340426
1957-04-30,14.0243971631206
1957-05-31,14.3242553191489
1957-06-30,14.2777304964539
1957-07-31,14.4260992907801
1957-08-31,13.7404255319149
1957-09-30,12.9446808510638
1957-10-31,12.5117730496454
1957-11-30,12.7622695035461
1957-12-31,12.36
1958-01-31,12.766524822695
1958-02-28,12.48
1958-03-31,12.6740425531915
1958-04-30,12.9321985815603
1958-05-31,13.1262411347518
1958-06-30,13.565390070922
1958-07-31,14.269219858156
1958-08-31,14.429219858156
1958-09-30,15.0947517730496
1958-10-31,15.4104964539007
1958-11-30,15.8144680851064
1958-12-31,16.5574468085106
1959-01-31,16.8499290780142
1959-02-28,17.1205673758865
1959-03-31,17.0697872340426
1959-04-30,17.6950354609929
1959-05-31,18.2635460992908
1959-06-30,18.2581560283688
1959-07-31,19.1455319148936
1959-08-31,18.8485106382979
1959-09-30,17.92
1959-10-31,18.3432624113475
1959-11-30,18.7001418439716
1959-12-31,19.2726241134752
1960-01-31,17.0580821917808
1960-02-29,17.2635616438356
1960-03-31,16.8928767123288
1960-04-30,16.4849315068493
1960-05-31,17.1369863013699
1960-06-30,17.5512328767123
1960-07-31,16.8967123287671
1960-08-31,17.1504109589041
1960-09-30,15.8942465753425
1960-10-31,15.9002739726027
1960-11-30,16.3621917808219
1960-12-31,16.873698630137
1961-01-31,18.2591549295775
1961-02-28,18.6501408450704
1961-03-31,19.06
1961-04-30,19.1185915492958
1961-05-31,19.6259154929577
1961-06-30,19.2664788732394
1961-07-31,19.8695774647887
1961-08-31,20.28
1961-09-30,19.7523943661972
1961-10-31,19.8287323943662
1961-11-30,20.3267605633803
1961-12-31,20.5954929577465
1962-01-31,19.8019801980198
1962-02-28,20.029702970297
1962-03-31,19.998585572843
1962-04-30,18.821216407355
1962-05-31,17.3510608203678
1962-06-30,15.8777934936351
1962-07-31,16.9145685997171
1962-08-31,17.2328147100424
1962-09-30,16.3785007072136
1962-10-31,16.6837340876945
1962-11-30,18.3677510608204
1962-12-31,18.4469589816124
1963-01-31,19.3716312056738
1963-02-28,18.8068085106383
1963-03-31,19.3622695035461
1963-04-30,20.3602836879433
1963-05-31,20.6229787234043
1963-06-30,20.0533333333333
1963-07-31,19.7285106382979
1963-08-31,20.6899290780142
1963-09-30,20.7883687943262
1963-10-31,21.4249645390071
1963-11-30,21.2913475177305
1963-12-31,21.6439716312057
1964-01-31,22.2161244695898
1964-02-29,22.6347949080622
1964-03-31,23.0067892503536
1964-04-30,22.9355021216407
1964-05-31,23.2124469589816
1964-06-30,23.5219236209335
1964-07-31,23.7934936350778
1964-08-31,23.7193776520509
1964-09-30,24.7629420084866
1964-10-31,24.6981612446959
1964-11-30,24.764639321075
1964-12-31,24.7278642149929
1965-01-31,25.432676056338
1965-02-28,25.4501408450704
1965-03-31,25.043661971831
1965-04-30,25.9805633802817
1965-05-31,25.8602816901408
1965-06-30,24.4515492957746
1965-07-31,24.8377464788732
1965-08-31,25.1577464788732
1965-09-30,26.2135211267606
1965-10-31,27.0653521126761
1965-11-30,26.6678873239437
1965-12-31,27.3030985915493
1966-01-31,27.7827683615819
1966-02-28,26.8895480225989
1966-03-31,26.1234463276836
1966-04-30,26.3751412429379
1966-05-31,24.9737288135593
1966-06-30,24.5790960451977
1966-07-31,23.9372881355932
1966-08-31,22.2714689265537
1966-09-30,21.8706214689266
1966-10-31,22.7985875706215
1966-11-30,22.3612994350283
1966-12-31,22.1946327683616
1967-01-31,23.9405633802817
1967-02-28,23.6442253521127
1967-03-31,24.3938028169014
1967-04-30,25.269014084507
1967-05-31,24.0157746478873
1967-06-30,24.232676056338
1967-07-31,25.4715492957746
1967-08-31,25.3884507042254
1967-09-30,26.1030985915493
1967-10-31,24.7814084507042
1967-11-30,24.6707042253521
1967-12-31,25.4960563380282
1968-01-31,24.0977464788732
1968-02-29,23.6760563380282
1968-03-31,23.6808450704225
1968-04-30,23.3304347826087
1968-05-31,21.4047619047619
1968-06-30,21.9242979242979
1968-07-31,22.6992287917738
1968-08-31,22.4845671267252
1968-09-30,23.5715365239295
1968-10-31,24.2956632653061
1968-11-30,24.7196988707654
1968-12-31,22.4970202622169
1969-01-31,22.2338425381904
1969-02-28,21.1621274108708
1969-03-31,21.7048723897912
1969-04-30,21.793119266055
1969-05-31,21.7279258400927
1969-06-30,21.1810794420861
1969-07-31,19.6735826296743
1969-08-31,20.4327228327228
1969-09-30,20.0022140221402
1969-10-31,21.4803011292346
1969-11-30,22.8495077355837
1969-12-31,22.7310423175234
1970-01-31,21.2710120068611
1970-02-28,22.2168571428571
1970-03-31,22.2541076487252
1970-04-30,20.5319386331939
1970-05-31,19.7307042253521
1970-06-30,19.248943959448
1970-07-31,20.8024936242562
1970-08-31,21.3719077568134
1970-09-30,20.9900662251656
1970-10-31,20.2034759358289
1970-11-30,21.119414893617
1970-12-31,22.4460200668896
1971-01-31,22.8552631578947
1971-02-28,22.656096932199
1971-03-31,23.3085051546392
1971-04-30,23.7815656565657
1971-05-31,22.2502450980392
1971-06-30,22.1676616915423
1971-07-31,20.2102413184226
1971-08-31,21.9041463414634
1971-09-30,20.8873454973514
1971-10-31,19.7877358490566
1971-11-30,19.0893226176808
1971-12-31,20.464367816092
1972-01-31,19.215548455804
1972-02-29,19.1762396694215
1972-03-31,19.4459948320413
1972-04-30,19.2761616161616
1972-05-31,16.2010118043845
1972-06-30,14.4934477379095
1972-07-31,13.4214804063861
1972-08-31,14.4270958083832
1972-09-30,14.8716068642746
1972-10-31,14.8315095071789
1972-11-30,16.0095911949686
1972-12-31,15.7653786707883
1973-01-31,15.1366666666667
1973-02-28,11.1966002344666
1973-03-31,10.5375069252078
1973-04-30,10.1590959206174
1973-05-31,7.87257641921397
1973-06-30,7.22032388663968
1973-07-31,8.04166666666667
1973-08-31,8.53432692307692
1973-09-30,9.44738154613466
1973-10-31,9.83629820051414
1973-11-30,8.20199501246883
1973-12-31,7.58004454342984
1974-01-31,6.42063789868668
1974-02-28,5.07687315634218
1974-03-31,4.89410404624277
1974-04-30,4.96587537091988
1974-05-31,5.12568690095847
1974-06-30,5.46787052810903
1974-07-31,4.91837662337662
1974-08-31,4.37088566827697
1974-09-30,4.12115254237288
1974-10-31,3.99951923076923
1974-11-30,3.39923076923077
1974-12-31,3.28661333333333
1975-01-31,3.99256737588653
1975-02-28,4.06629986244842
1975-03-31,4.32151898734177
1975-04-30,4.90645161290323
1975-05-31,4.96149031296572
1975-06-30,5.29512048192771
1975-07-31,4.99705528846154
1975-08-31,5.17238390092879
1975-09-30,5.74235081374322
1975-10-31,5.83012552301255
1975-11-30,6.22546112115732
1975-12-31,6.07778966131907
1976-01-31,7.619375
1976-02-29,7.35154950869237
1976-03-31,7.71776061776062
1976-04-30,7.77877487319547
1976-05-31,7.78626746506986
1976-06-30,8.1
1976-07-31,8.76014234875445
1976-08-31,9.44919941775837
1976-09-30,8.52876830318691
1976-10-31,7.88986099754702
1976-11-30,7.28070714834743
1976-12-31,7.46674098848012
1977-01-31,7.22460257380772
1977-02-28,6.58291739894552
1977-03-31,6.13571428571429
1977-04-30,6.32696245733788
1977-05-31,6.27555865921788
1977-06-30,6.40993354319692
1977-07-31,6.15965397923875
1977-08-31,5.90061643835616
1977-09-30,5.50428849902534
1977-10-31,5.08924129353234
1977-11-30,5.19211514392991
1977-12-31,5.0191425120773
1978-01-31,4.39452054794521
1978-02-28,4.07758241758242
1978-03-31,4.19009681881051
1978-04-30,4.92541176470588
1978-05-31,4.54629529475392
1978-06-30,4.47025109170306
1978-07-31,4.33519356460533
1978-08-31,4.2297153883261
1978-09-30,3.98169694182571
1978-10-31,3.25241124563924
1978-11-30,4.12509034589572
1978-12-31,3.58579064587973
1979-01-31,3.60102982192662
1979-02-28,3.22367477082503
1979-03-31,3.59766325891926
1979-04-30,3.51160402546724
1979-05-31,2.96709363160743
1979-06-30,3.04568638090071
1979-07-31,2.86582021330625
1979-08-31,2.79348544453186
1979-09-30,2.21304785894207
1979-10-31,2.14799210006583
1979-11-30,1.97111697027804
1979-12-31,1.60064885496183
1980-01-31,1.31115269461078
1980-02-29,1.34865625
1980-03-31,1.56135121708892
1980-04-30,1.57353875782378
1980-05-31,1.60114791117802
1980-06-30,1.3100679245283
1980-07-31,1.51346278317152
1980-08-31,1.47154240631164
1980-09-30,1.39167164179104
1980-10-31,1.45360062893082
1980-11-30,1.59829444891392
1980-12-31,1.63526717557252
1981-01-31,1.86654187192118
1981-02-28,1.98792452830189
1981-03-31,1.95210500729217
1981-04-30,2.07432432432432
1981-05-31,2.07154046997389
1981-06-30,2.31762752075919
1981-07-31,2.35000616903146
1981-08-31,2.07160987074031
1981-09-30,1.99291910902696
1981-10-31,1.98729603729604
1981-11-30,2.13954271961492
1981-12-31,2.1875
1982-01-31,2.24365743721829
1982-02-28,2.26948382656573
1982-03-31,2.56714508580343
1982-04-30,2.37802382620883
1982-05-31,2.51778801843318
1982-06-30,2.58576433121019
1982-07-31,2.36087591240876
1982-08-31,2.2004638671875
1982-09-30,2.27042431918936
1982-10-31,2.35004739336493
1982-11-30,2.42680677174548
1982-12-31,2.33602678571429
1983-01-31,2.13856858846919
1983-02-28,2.65067301965456
1983-03-31,2.72789378394689
1983-04-30,2.86161026837806
1983-05-31,2.73343963553531
1983-06-30,2.9321175764847
1983-07-31,2.84007104795737
1983-08-31,2.934041013269
1983-09-30,3.05230198019802
1983-10-31,3.19478487614081
1983-11-30,3.14484288354898
1983-12-31,3.2991874180865
1984-01-31,3.28201129335843
1984-02-29,2.9113212304589
1984-03-31,2.99842985842986
1984-04-30,3.11204146730463
1984-05-31,2.88134046159864
1984-06-30,3.01772151898734
1984-07-31,3.26487119437939
1984-08-31,3.52136899626114
1984-09-30,3.50634897573732
1984-10-31,3.6095067264574
1984-11-30,3.61819841752891
1984-12-31,3.92093851132686
1985-01-31,4.22030173827485
1985-02-28,4.42
1985-03-31,3.84105518496058
1985-04-30,3.87512705991067
1985-05-31,4.20057480440683
1985-06-30,4.21946287519747
1985-07-31,4.10682718683328
1985-08-31,3.97322412509307
1985-09-30,4.06931087289433
1985-10-31,4.21891020721412
1985-11-30,4.49642638973732
1985-12-31,4.72987767584098
1986-01-31,4.43782485875706
1986-02-28,5.05265336289727
1986-03-31,5.26370477568741
1986-04-30,5.17470630891951
1986-05-31,5.46588029707296
1986-06-30,5.47820549927641
1986-07-31,4.96243186582809
1986-08-31,4.9179792746114
1986-09-30,4.19653371320038
1986-10-31,4.67698630136986
1986-11-30,4.90828205128205
1986-12-31,4.85021744691737
1987-01-31,5.29840412472379
1987-02-28,5.48118299445471
1987-03-31,5.50045346062053
1987-04-30,5.03049504950495
1987-05-31,5.07265080243498
1987-06-30,5.4093715052561
1987-07-31,5.54026925148088
1987-08-31,5.84108357095854
1987-09-30,5.65453555482958
1987-10-31,4.25967948717949
1987-11-30,3.71239117230209
1987-12-31,3.98526207605344
1988-01-31,4.20896292315959
1988-02-29,4.88877876106195
1988-03-31,4.3407423580786
1988-04-30,4.51879933296276
1988-05-31,4.47383259911894
1988-06-30,4.90262103696921
1988-07-31,4.91964409521609
1988-08-31,4.76521637152574
1988-09-30,5.3336110059321
1988-10-31,5.21137521222411
1988-11-30,5.01901258010919
1988-12-31,5.28726075825917
1989-01-31,5.93217677599088
1989-02-28,5.83940530058177
1989-03-31,5.99952916557677
1989-04-30,6.34356150013113
1989-05-31,6.82297111416781
1989-06-30,6.57432304997979
1989-07-31,7.20850717962612
1989-08-31,7.61198553948832
1989-09-30,7.29761517615176
1989-10-31,7.03385188139875
1989-11-30,6.65258112094395
1989-12-31,6.86583541147132
1990-01-31,6.20414321638127
1990-02-28,6.42202395502322
1990-03-31,7.27353573347663
1990-04-30,7.15047772843494
1990-05-31,7.90943084960132
1990-06-30,8.17448921679909
1990-07-31,7.82861762328213
1990-08-31,6.73630507601134
1990-09-30,6.03910366904703
1990-10-31,6.43989452867502
1990-11-30,6.65189708939709
1990-12-31,6.73570332480818
1991-01-31,7.4036525974026
1991-02-28,7.93988980716253
1991-03-31,8.23124293785311
1991-04-30,8.17051916819918
1991-05-31,8.37366892545982
1991-06-30,7.92245843554102
1991-07-31,8.31908690869087
1991-08-31,8.77118155619596
1991-09-30,8.60704707560628
1991-10-31,8.58729714605484
1991-11-30,7.89063649993185
1991-12-31,8.96669496321449
1992-01-31,9.10176478893124
1992-02-29,9.25554454043337
1992-03-31,9.47428989751098
1992-04-30,9.98994795539034
1992-05-31,10.0633387646275
1992-06-30,9.66371578334304
1992-07-31,9.48115658611538
1992-08-31,9.56637298091043
1992-09-30,9.37438395415473
1992-10-31,9.52266824085006
1992-11-30,9.9045849565478
1992-12-31,9.91622108741364
1993-01-31,10.007649281935
1993-02-28,10.2534144486692
1993-03-31,10.1962303354111
1993-04-30,9.69741123214033
1993-05-31,9.25834645669291
1993-06-30,9.27725593667546
1993-07-31,8.76757493188011
1993-08-31,9.85226659471128
1993-09-30,10.0811569544875
1993-10-31,9.97179626117583
1993-11-30,9.9351402373247
1993-12-31,9.60985536925637
1994-01-31,10.5191961924907
1994-02-28,10.0643992120814
1994-03-31,9.33015139851168
1994-04-30,9.78002390755744
1994-05-31,9.73040776699029
1994-06-30,9.40570835495589
1994-07-31,9.80210910037756
1994-08-31,10.1318317152104
1994-09-30,9.72095611483496
1994-10-31,10.0880743417656
1994-11-30,9.75406286683188
1994-12-31,10.0246797385621
1995-01-31,10.2271118797393
1995-02-28,10.676204418419
1995-03-31,10.7558918639245
1995-04-30,11.0944030808729
1995-05-31,11.6204033832141
1995-06-30,11.7546181630547
1995-07-31,12.2824311986435
1995-08-31,12.0805974060003
1995-09-30,12.4796872964169
1995-10-31,12.4358786610879
1995-11-30,13.0836405826995
1995-12-31,13.2327902767003
1996-01-31,13.3812003968254
1996-02-29,13.7020606968902
1996-03-31,14.084043357701
1996-04-30,14.2741765987441
1996-05-31,14.449289463577
1996-06-30,14.8298452661946
1996-07-31,14.3421789883268
1996-08-31,14.5027759845061
1996-09-30,15.5079356709728
1996-10-31,15.8960717110467
1996-11-30,17.5361656359236
1996-12-31,17.4489514274117
1997-01-31,19.7480579710145
1997-02-28,19.0730171935663
1997-03-31,18.8368240343348
1997-04-30,20.5874284035835
1997-05-31,21.2032971800434
1997-06-30,22.9689866786409
1997-07-31,25.2227300613497
1997-08-31,23.4247695144438
1997-09-30,24.1680608365019
1997-10-31,23.9757731958763
1997-11-30,26.3493432132031
1997-12-31,27.3452282157676
1998-01-31,26.1978131212724
1998-02-28,28.8170966110268
1998-03-31,29.3424474824942
1998-04-30,29.1707756678468
1998-05-31,30.437585499316
1998-06-30,30.2688419273035
1998-07-31,30.6955425017277
1998-08-31,27.5752011704462
1998-09-30,26.6665079904794
1998-10-31,29.3146025247356
1998-11-30,30.825190194421
1998-12-31,31.9409636458515
1999-01-31,32.7632417293891
1999-02-28,32.4496861924686
1999-03-31,34.9755539671194
1999-04-30,37.743711736925
1999-05-31,38.9586792104778
1999-06-30,42.0015696784074
1999-07-31,41.5000973709835
1999-08-31,42.5344854673998
1999-09-30,34.0311440329218
1999-10-31,35.9038648151246
1999-11-30,37.2527739726027
1999-12-31,39.5293794051917
2000-01-31,38.6523229111464
2000-02-29,34.4500340136054
2000-03-31,39.5865530989489
2000-04-30,38.9121624071053
2000-05-31,38.6495500459137
2000-06-30,36.1331488846619
2000-07-31,37.9307137707282
2000-08-31,40.7895981087471
2000-09-30,38.8577891280555
2000-10-31,41.5888551933283
2000-11-30,39.0055805243446
2000-12-31,39.5629928479736
2001-01-31,40.899173553719
2001-02-28,39.6048301886792
2001-03-31,38.13464582127
2001-04-30,40.7476561017271
2001-05-31,41.0069146937242
2001-06-30,38.9121896998888
2001-07-31,39.6264733571832
2001-08-31,36.1349191937534
2001-09-30,30.4196664947567
2001-10-31,32.30161950525
2001-11-30,35.862977793957
2001-12-31,36.2441229656419
2002-01-31,35.2397868561279
2002-02-28,34.0790085988872
2002-03-31,34.3364356435644
2002-04-30,32.1519961208987
2002-05-31,30.3292589763178
2002-06-30,28.9711957373452
2002-07-31,28.5976759410802
2002-08-31,27.7320742637644
2002-09-30,23.5481699751861
2002-10-31,26.5434803224277
2002-11-30,27.9531500392773
2002-12-31,24.337359591539
2003-01-31,21.7464830565681
2003-02-28,22.6983460376816
2003-03-31,23.8322051587893
2003-04-30,25.2383630952381
2003-05-31,24.1942591580098
2003-06-30,26.0334347385195
2003-07-31,25.9558678847505
2003-08-31,25.3795687331536
2003-09-30,24.1223927178153
2003-10-31,25.4839313572543
2003-11-30,24.572871137905
2003-12-31,25.0543319352906
2004-01-31,26.1352354846748
2004-02-29,26.9825876354366
2004-03-31,24.4862884160757
2004-04-30,26.4021946811257
2004-05-31,25.8688587025517
2004-06-30,26.5028063492063
2004-07-31,26.0259496919918
2004-08-31,24.9299681450625
2004-09-30,24.4459076027646
2004-10-31,23.527616142656
2004-11-30,23.0708407079646
2004-12-31,24.6187442922374
2005-01-31,24.7521000471921
2005-02-28,24.6620776543351
2005-03-31,24.5701988304094
2005-04-30,23.5284164358264
2005-05-31,25.1078915807148
2005-06-30,23.523282967033
2005-07-31,24.9114128526279
2005-08-31,24.2069284064665
2005-09-30,22.3250950570342
2005-10-31,22.0883740611446
2005-11-30,21.8830903199676
2005-12-31,20.8918128654971
2006-01-31,19.0678483678484
2006-02-28,19.7545552560647
2006-03-31,19.0228082191781
2006-04-30,17.8098550724638
2006-05-31,17.0769266055046
2006-06-30,18.5713191205863
2006-07-31,17.5599372056515
2006-08-31,18.3050261359067
2006-09-30,19.4085085168259
2006-10-31,20.1043934098852
2006-11-30,19.1446271929825
2006-12-31,19.605395626868
2007-01-31,19.5457839721254
2007-02-28,18.1220531757755
2007-03-31,18.6199698568199
2007-04-30,19.2668289085546
2007-05-31,20.7548583612549
2007-06-30,20.6763608326908
2007-07-31,19.8155080614923
2007-08-31,19.9966167664671
2007-09-30,18.8351474076584
2007-10-31,17.7905619412516
2007-11-30,16.8250644856873
2007-12-31,15.8575254034668
2008-01-31,13.6945710419486
2008-02-29,12.6588132094943
2008-03-31,13.0839050413444
2008-04-30,14.773990204552
2008-05-31,14.3698919840819
2008-06-30,12.168330206379
2008-07-31,12.475899122807
2008-08-31,13.7998206814106
2008-09-30,12.0966109253066
2008-10-31,12.8002882635553
2008-11-30,10.8531530424093
2008-12-31,10.1461156069364
2009-01-31,8.71078933043005
2009-02-28,7.48389933774835
2009-03-31,8.28407185628743
2009-04-30,9.18798650168729
2009-05-31,8.74519547325103
2009-06-30,8.97662061636557
2009-07-31,9.79349706353444
2009-08-31,9.98819879042861
2009-09-30,9.70015480649189
2009-10-31,9.29892771661082
2009-11-30,8.82665529010239
2009-12-31,9.44569746376811
2010-01-31,9.29792657584853
2010-02-28,9.28113258426966
2010-03-31,9.78515547543939
2010-04-30,9.36703680068071
2010-05-31,8.34977759472817
2010-06-30,7.87909713825071
2010-07-31,8.96056506849315
2010-08-31,8.11894608836644
2010-09-30,8.2288710907704
2010-10-31,8.3175537684683
2010-11-30,8.00437818181818
2010-12-31,8.20954440702003
2011-01-31,8.91783277090364
2011-02-28,8.67270083348111
2011-03-31,8.60917540181691
2011-04-30,8.36743305029393
2011-05-31,8.17813272608979
2011-06-30,8.23232095490716
2011-07-31,7.52485824941906
2011-08-31,6.36009309967141
2011-09-30,6.69943523634131
2011-10-31,6.95867869615832
2011-11-30,7.06906103286385
2011-12-31,7.75964433153382
2012-01-31,7.26864787111623
2012-02-29,7.2438870246085
2012-03-31,7.95546590395906
2012-04-30,7.94804812030075
2012-05-31,7.90650717703349
2012-06-30,8.20649251353934
2012-07-31,8.01644122631336
2012-08-31,7.89675162117328
2012-09-30,7.54471083660865
2012-10-31,7.62308498253783
2012-11-30,7.53686098654709
2012-12-31,7.87508413461538
2013-01-31,8.27744401313825
2013-02-28,8.83374607165305
2013-03-31,9.0973728549142
2013-04-30,10.0762519096928
2013-05-31,10.7183619925545
2013-06-30,12.3911074174112
2013-07-31,11.6406609087495
2013-08-31,10.6338610662359
2013-09-30,11.326722814898
2013-10-31,11.6556701030928
2013-11-30,12.9182172254567
2013-12-31,13.7966375364128
2014-01-31,12.5943441636582
2014-02-28,12.2927584259085
2014-03-31,12.7184389489954
2014-04-30,12.8334674922601
2014-05-31,13.3310765550239
2014-06-30,12.8153846153846
2014-07-31,12.7901930501931
2014-08-31,13.2984250437488
2014-09-30,14.0850413223141
2014-10-31,14.8225186447901
2014-11-30,15.0512790206838
2014-12-31,14.8618469877006
2015-01-31,13.5852394143253
2015-02-28,15.0478838174274
2015-03-31,15.0740894636421
2015-04-30,14.8140164410861
2015-05-31,15.129939516129
2015-06-30,14.9953276595745
2015-07-31,16.3787417249201
2015-08-31,14.6850555308752
2015-09-30,14.5075278396437
2015-10-31,15.3897103027663
2015-11-30,16.7857907450386
2015-12-31,16.4038879736409
2016-01-31,14.7958486836194
2016-02-29,13.3828951099947
2016-03-31,14.3361624513619
2016-04-01,9.84193932018696
2016-04-04,14.3957470984498
2016-04-05,14.488329218107
2016-04-06,14.3857490864799
2016-04-07,14.3112053844585
2016-04-08,14.203604040404
2016-04-11,14.2157165991903
2016-04-12,14.2082581679695
2016-04-13,14.2219504447268
2016-04-14,14.390070238812
2016-04-15,14.429944368298
2016-04-18,14.6405041675137
2016-04-19,14.5864102771269
2016-04-20,14.5737859386325
2016-04-21,14.4119575235424
2016-04-22,14.3153898143363
2016-04-25,14.4349124779187
2016-04-26,14.6161758134622
2016-04-27,14.6144592952612
2016-04-28,14.3247720425788
2016-04-29,14.1442304631545
2016-05-02,14.0377873675951
2016-05-03,13.927744213417
2016-05-04,13.6145468569225
2016-05-05,13.7941966726548
2016-05-06,13.9060395845581
2016-05-09,13.8300410076157
2016-05-10,14.0311876345138
2016-05-11,14.0025457564138
2016-05-12,13.9334014782198
2016-05-13,13.8258456201214
2016-05-16,13.889118927185
2016-05-17,13.6846057767369
2016-05-18,13.7994016219195
2016-05-19,13.71893933433
2016-05-20,13.9588753738784
2016-05-23,13.9219498607242
2016-05-24,14.1603087012156
2016-05-25,14.3656781877439
2016-05-26,14.6043743600246
2016-05-27,14.5707577548608
2016-05-31,14.5647492323439
2016-06-01,14.6961338289963
2016-06-02,14.6668530318602
2016-06-03,14.6499876593994
2016-06-06,14.7979603633361
2016-06-07,14.4599411551328
2016-06-08,14.5073322053017
2016-06-09,14.360579687001
2016-06-10,14.1974331465808
2016-06-13,14.000063161219
2016-06-14,13.7643641460945
2016-06-15,13.7878458652493
2016-06-16,13.8323712948518
2016-06-17,13.5234583014537
2016-06-20,13.8613234721682
2016-06-21,13.8941983245665
2016-06-22,13.8825968144909
2016-06-23,14.238
2016-06-24,13.747382974521
2016-06-27,13.0458119267801
2016-06-28,13.1433791333233
2016-06-29,13.4867987804878
2016-06-30,13.6065186871561
2016-07-01,13.6289825360668
2016-07-05,13.2275217794254
2016-07-06,13.3248707938278
2016-07-07,13.0626861313869
2016-07-08,13.2738936434789
2016-07-11,13.4406975886734
2016-07-12,13.508315847598
2016-07-13,13.5803082381639
2016-07-14,13.8081775788099
2016-07-15,13.9673757260315
2016-07-18,13.9293874483277
2016-07-19,13.9946536967915
2016-07-20,13.9581369163789
2016-07-21,13.9689423657212
2016-07-22,14.0475416036309
2016-07-25,13.9760126964934
2016-07-26,14.0484790874525
2016-07-27,13.9808287606433
2016-07-28,13.9736144760751
2016-07-29,13.742071125028
2016-08-01,13.8120150093809
2016-08-02,13.577321421952
2016-08-03,13.5147075065346
2016-08-04,13.45063764292
2016-08-05,13.72425711431
2016-08-08,13.5984808454425
2016-08-09,13.9346240601504
2016-08-10,13.8762547828044
2016-08-11,13.7689240670193
2016-08-12,13.816124353873
2016-08-15,13.9418343682202
2016-08-16,13.8530615292712
2016-08-17,13.7676525090801
2016-08-18,13.8504561534165
2016-08-19,13.7722292331675
2016-08-22,13.7575973567955
2016-08-23,13.9003972120213
2016-08-24,13.8076055285768
2016-08-25,13.7952665819188
2016-08-26,13.8885617214043
2016-08-29,13.9655747603593
2016-08-30,13.9288248169673
2016-08-31,13.9522159457103
2016-09-01,14.012933165963
2016-09-02,14.1624875545684
2016-09-06,13.9562749378905
2016-09-07,13.9289049283862
2016-09-08,13.7015088044486
2016-09-09,13.4165059347181
2016-09-12,13.7199640624415
2016-09-13,13.609604519774
2016-09-14,13.5752879187053
2016-09-15,13.7639661426844
2016-09-16,13.7291114309522
2016-09-19,13.7874605288187
2016-09-20,13.7865176229041
2016-09-21,13.9073285692565
2016-09-22,13.9379054258866
2016-09-23,13.7051671732523
2016-09-26,13.545048282057
2016-09-27,13.6408740552271
2016-09-28,13.7285174233634
2016-09-29,13.6952370169082
2016-09-30,13.860885036151
2016-10-03,13.746404096694
2016-10-04,13.7780684791264
2016-10-05,13.9640453729519
2016-10-06,14.3394819466248
2016-10-07,14.4136625839589
2016-10-10,14.604812749004
2016-10-11,14.3638855875129
2016-10-12,14.4414199299586
2016-10-13,14.413426773911
2016-10-14,14.418426073132
2016-10-17,14.3982804601361
2016-10-18,14.498235810649
2016-10-19,14.4276304838901
2016-10-20,14.3038787162827
2016-10-21,14.2969665931295
2016-10-24,14.4175244273903
2016-10-25,14.3403867403315
2016-10-26,14.3380839832979
2016-10-27,14.2630347751001
2016-10-28,14.3080359253132
2016-10-31,14.3316375701082
2016-11-01,14.1556270601162
2016-11-02,13.9829025225786
2016-11-03,13.8369950225721
2016-11-04,13.8347099767981
2016-11-07,14.027502496735
2016-11-08,14.2467671743861
2016-11-09,14.4779517133956
2016-11-10,14.4171400099651
2016-11-11,14.714388320712
2016-11-14,15.0270298251901
2016-11-15,15.4777196139375
2016-11-16,15.3536821547726
2016-11-17,15.4228767235049
2016-11-18,15.3148782467532
2016-11-21,15.7173451620927
2016-11-22,15.6581505411745
2016-11-23,15.6734261426635
2016-11-25,16.131514002948
2016-11-28,16.0824421052632
2016-11-29,16.0807333277269
2016-11-30,16.1067800892782
2016-12-01,16.1629863567458
2016-12-02,16.4024983957219
2016-12-05,16.4010071267017
2016-12-06,16.5265516353335
2016-12-07,16.6926695982581
2016-12-08,16.7469028815368
2016-12-09,16.8179187061077
2016-12-12,16.9359483274874
2016-12-13,17.2481029106029
2016-12-14,17.1015941590703
2016-12-15,17.0999956931823
2016-12-16,17.5225484568855
2016-12-19,17.520430012777
2016-12-20,17.5585618846695
2016-12-21,17.6049084087398
2016-12-22,17.5589562764457
2016-12-23,17.631957896599
2016-12-27,17.6348717948718
2016-12-28,17.5364102564103
2016-12-29,17.3895854354025
2016-12-30,17.2328217649111
2017-01-03,17.152756448969
2017-01-04,17.3613894571889
2017-01-05,17.0677502358693
2017-01-06,17.0187119048634
2017-01-09,16.8823259762309
2017-01-10,16.8825184933254
2017-01-11,16.8646720757268
2017-01-12,16.749610542714
2017-01-13,16.4801143662205
2017-01-17,16.4845312824777
2017-01-18,16.2667104722793
2017-01-19,16.2741443298969
2017-01-20,16.4767108488802
2017-01-23,16.5122591943958
2017-01-24,16.4059402677652
2017-01-25,16.5404351767906
2017-01-26,16.7020440382219
2017-01-27,16.8635642650329
2017-01-30,16.8646596858639
2017-01-31,16.6946169685254
2017-02-01,16.5923757090424
2017-02-02,16.4338099173554
2017-02-03,16.3975817981292
2017-02-06,16.5305799431186
2017-02-07,16.4425174939641
2017-02-08,16.2910966693745
2017-02-09,16.3259954677889
2017-02-10,16.3232293134689
2017-02-13,16.6527921680604
2017-02-14,16.6783878314625
2017-02-15,16.7623795388932
2017-02-16,16.8304044402726
2017-02-17,16.676005659996
2017-02-21,16.7911927793743
2017-02-22,16.9086025881012
2017-02-23,16.8164202020202
2017-02-24,16.8277043682062
2017-02-27,16.5989086708886
2017-02-28,16.5669572139304
2017-03-01,16.8668024602604
2017-03-02,16.855639821837
2017-03-03,16.8951258746883
2017-03-06,17.0533794506612
2017-03-07,16.9961093286764
2017-03-08,17.0431723461633
2017-03-09,17.1912882222039
2017-03-10,17.3526315789474
2017-03-13,17.4514061259454
2017-03-14,17.2523348236463
2017-03-15,17.4069211914752
2017-03-16,17.4128093158661
2017-03-17,17.0648009138381
2017-03-20,17.0139247202442
2017-03-21,16.7623763179238
2017-03-22,16.7698551195163
2017-03-23,16.5769841906749
2017-03-24,16.5051045756872
2017-03-27,16.5200803858521
2017-03-28,16.4702840321426
2017-03-29,16.4793363378934
2017-03-30,16.5444089711868
2017-03-31,16.518682548565
2017-04-03,16.630595151808
2017-04-04,16.6011955867603
2017-04-05,16.4049974178684
2017-04-06,16.4973652694611
2017-04-07,16.4754536390828
2017-04-10,16.3394922091276
2017-04-11,16.473596043395
2017-04-12,16.3987098829338
2017-04-13,16.0758075925489
2017-04-17,16.0461239405956
2017-04-18,15.9577637819765
2017-04-19,15.8789805447471
2017-04-20,16.0514098514099
2017-04-21,16.0541917337292
2017-04-24,16.202801404604
2017-04-25,16.5089793992766
2017-04-26,16.5093191656828
2017-04-27,16.5866872208388
2017-04-28,16.5629281025073
2017-05-01,16.5251945794319
2017-05-02,16.553980482794
2017-05-03,16.6888835801879
2017-05-04,16.7083775270146
2017-05-05,16.997969009184
2017-05-08,16.9535904469905
2017-05-09,17.057640074815
2017-05-10,17.0943231441048
2017-05-11,17.1057034220532
2017-05-12,17.1143407043407
2017-05-15,17.0876618617151
2017-05-16,17.0359317904994
2017-05-17,16.6986183704064
2017-05-18,16.6021372328459
2017-05-19,16.4941055218615
2017-05-22,16.6911610815992
2017-05-23,16.680270862378
2017-05-24,16.6778474482102
2017-05-25,16.8481639828985
2017-05-26,16.7689762150982
2017-05-30,16.6240869565217
2017-05-31,16.6365616091226
2017-06-01,16.7306377591391
2017-06-02,16.7486395766694
2017-06-05,16.8000634442286
2017-06-06,16.5036542515812
2017-06-07,16.4411150366891
2017-06-08,16.3862690492767
2017-06-09,16.5566391656289
2017-06-12,16.6652305277614
2017-06-13,16.803994484932
2017-06-14,16.9464520732578
2017-06-15,16.8420264143505
2017-06-16,16.9682840706209
2017-06-19,17.1327311793729
2017-06-20,17.1586124210695
2017-06-21,17.1761171279583
2017-06-22,17.1583256485305
2017-06-23,17.09665974109
2017-06-26,17.0417495821062
2017-06-27,17.1742434621429
2017-06-28,17.1581973768394
2017-06-29,17.0078539469479
2017-06-30,17.1262875020055
2017-07-03,17.2767102352705
2017-07-05,17.5439411884827
2017-07-06,17.4482690891235
2017-07-07,17.4910887854284
2017-07-10,17.5422156669944
2017-07-11,17.7293445405987
2017-07-12,17.7672580245895
2017-07-13,17.6751599147122
2017-07-14,17.7155231701326
2017-07-17,17.744550637844
2017-07-18,17.5425702321421
2017-07-19,17.4931290922318
2017-07-20,17.4309634229947
2017-07-21,17.4518377744531
2017-07-24,17.2484826618561
2017-07-25,17.2102002627702
2017-07-26,17.3410623003195
2017-07-27,17.5016460574916
2017-07-28,17.2975000990452
2017-07-31,17.3794220387425
2017-08-01,17.3442729103328
2017-08-02,17.3759835839154
2017-08-03,17.3892551217779
2017-08-04,17.5089633856396
2017-08-07,17.4256834475695
2017-08-08,17.5621963341418
2017-08-09,17.478853700107
2017-08-10,17.2278165542805
2017-08-11,17.0915005082493
2017-08-14,17.0718854304122
2017-08-15,17.171953789712
2017-08-16,17.2798289659501
2017-08-17,17.1245364720702
2017-08-18,16.8555175363559
2017-08-21,16.7564176799846
2017-08-22,17.008302267785
2017-08-23,16.9730682437164
2017-08-24,16.9329550312877
2017-08-25,16.9637374601446
2017-08-28,16.9444854512257
2017-08-29,16.9887494658327
2017-08-30,16.5425646063171
2017-08-31,16.7466046085762
2017-09-01,16.8383826007046
2017-09-05,16.2994979769219
2017-09-06,16.3825564361642
2017-09-07,16.2554788643062
2017-09-08,16.2615464955798
2017-09-11,16.3279073210452
2017-09-12,16.5220242763772
2017-09-13,16.7073930254477
2017-09-14,16.6661512478889
2017-09-15,16.8317006802721
2017-09-18,16.8538490566038
2017-09-19,17.0197808886184
2017-09-20,17.1291146012458
2017-09-21,17.0045098486577
2017-09-22,17.2271091070259
2017-09-25,17.1905088666153
2017-09-26,17.2013276727132
2017-09-27,17.0944295661489
2017-09-28,17.3323007821575
2017-09-29,17.4453710192323
2017-10-02,17.5279536889545
2017-10-03,17.7846752022622
2017-10-04,17.833981270166
2017-10-05,17.8553486731214
2017-10-06,17.8141974342929
2017-10-09,17.9475398202176
2017-10-10,17.8065592949343
2017-10-11,17.736422146402
2017-10-12,17.703464579135
2017-10-13,17.66906408127
2017-10-16,17.7424530489219
2017-10-17,17.6205340382332
2017-10-18,17.9558036752733
2017-10-19,18.0869402256667
2017-10-20,18.1772089761571
2017-10-23,18.1792306190197
2017-10-24,18.3820897863164
2017-10-25,18.2503794101541
2017-10-26,18.3824509033778
2017-10-27,18.3366118935837
2017-10-30,18.4167376557817
2017-10-31,18.3675034374386
2017-11-01,18.3890536723164
2017-11-02,18.3828493257768
2017-11-03,18.4418599185208
2017-11-06,18.4650043127107
2017-11-07,18.5256605850897
2017-11-08,18.4615191757747
2017-11-09,18.2974770910509
2017-11-10,18.2415965732087
2017-11-13,18.2488224531901
2017-11-14,18.3115378598248
2017-11-15,18.2706131742168
2017-11-16,18.2455938399316
2017-11-17,18.2814745245363
2017-11-20,18.2500525762355
2017-11-21,18.2542113204627
2017-11-22,18.379828125
2017-11-24,18.2598845095532
2017-11-27,18.2917271070085
2017-11-28,18.4109909631575
2017-11-29,18.502728186104
2017-11-30,18.7452986832452
2017-12-01,18.8991849627579
2017-12-04,19.0174593853983
2017-12-05,18.9044171683215
2017-12-06,18.9206912767458
2017-12-07,19.0859485239052
2017-12-08,19.3580203691916
2017-12-11,19.5738090460328
2017-12-12,19.5819082627457
2017-12-13,19.7727440887888
2017-12-14,19.7395779639175
2017-12-15,19.6334342147181
2017-12-18,19.7193875521973
2017-12-19,19.6676995193263
2017-12-20,19.5761618240836
2017-12-21,19.5760417078084
2017-12-22,19.5552869613303
2017-12-26,19.5151689602145
2017-12-27,19.5373210835535
2017-12-28,19.3227866811887
2017-12-29,19.1384484360483
2018-01-02,19.1469417662939
2018-01-03,18.9843692870201
2018-01-04,19.0743420051727
2018-01-05,19.255438836873
2018-01-08,19.1843083693755
2018-01-09,19.2491659084016
2018-01-10,19.2928476367923
2018-01-11,19.350607195551
2018-01-12,19.5500928135773
2018-01-16,19.2054058078928
2018-01-17,19.5630173414735
2018-01-18,19.4547500654279
2018-01-19,19.6064824215078
2018-01-22,19.6246444078455
2018-01-23,19.6460742795038
2018-01-24,19.6336250093486
2018-01-25,19.5429766753054
2018-01-26,19.5675133247565
2018-01-29,19.5218961125263
2018-01-30,19.3391352714328
2018-01-31,19.4318124396225
2018-02-01,19.4935869282019
2018-02-02,19.0298710014167
2018-02-05,18.1009293680297
2018-02-06,18.6319422631067
2018-02-07,18.5128843937084
2018-02-08,17.9604516371848
2018-02-09,18.4515464703863
2018-02-12,18.6932639337411
2018-02-13,18.6429976545358
2018-02-14,18.7253573040469
2018-02-15,18.9369678752583
2018-02-16,18.6299623254783
2018-02-20,18.5280911384889
2018-02-21,18.5417825631823
2018-02-22,18.7885593858197
2018-02-23,19.1235285228561
2018-02-26,19.3462788772669
2018-02-27,18.976162204548
2018-02-28,18.7801163008816
2018-03-01,18.638930546088
2018-03-02,18.7134871306006
2018-03-05,18.8910271501804
2018-03-06,18.7620598657921
2018-03-07,18.7187139137326
2018-03-08,18.6830844277674
2018-03-09,19.1155424777426
2018-03-12,19.0841020199341
2018-03-13,18.9842702600114
2018-03-14,18.774641692576
2018-03-15,18.7732820106419
2018-03-16,18.8510295840103
2018-03-19,18.6439225786902
2018-03-20,18.8513150872913
2018-03-21,18.8019881927252
2018-03-22,18.2002430964409
2018-03-23,17.7094480189638
2018-03-26,18.0300219763847
2018-03-27,17.6933476713141
2018-03-28,17.656994780291
2018-03-29,17.9733119570486
2018-04-02,17.8594984515447
2018-04-03,18.1534556990709
2018-04-04,18.1537483166243
2018-04-05,18.2445892119272
2018-04-06,18.0345578538864
2018-04-09,18.0892426071213
2018-04-10,18.3726006774558
2018-04-11,18.1065533889741
2018-04-12,18.2003047873922
2018-04-13,18.0995170517869
2018-04-16,18.3278314376282
2018-04-17,18.4369458494496
2018-04-18,18.4281395435422
2018-04-19,18.3170992536482
2018-04-20,18.148927962015
2018-04-23,18.2432488900496
2018-04-24,18.0904593373494
2018-04-25,18.1442950239198
2018-04-26,18.3467903748963
2018-04-27,18.3910961494818
2018-04-30,18.3373681414586
2018-05-01,18.3088698955366
2018-05-02,18.2745035135961
2018-05-03,18.2568376883464
2018-05-04,18.4744612807432
2018-05-07,18.6026043456677
2018-05-08,18.6048115477145
2018-05-09,18.7340483187665
2018-05-10,18.9306576883345
2018-05-11,18.8858913903255
2018-05-14,18.7948445048309
2018-05-15,18.7070568637844
2018-05-16,18.9068585168505
2018-05-17,19.1321695374492
2018-05-18,19.1760794506731
2018-05-21,19.4323259788689
2018-05-22,19.3136135630128
2018-05-23,19.2339516191359
2018-05-24,19.1744667697063
2018-05-25,19.0944498013654
2018-05-29,18.6828099236934
2018-05-30,18.945340040705
2018-05-31,18.8016633297397
2018-06-01,18.8992788645953
2018-06-04,19.0999422699457
2018-06-05,19.1557409338431
2018-06-06,19.459384793964
2018-06-07,19.487674194171
2018-06-08,19.4997535238389
2018-06-11,19.490694273399
2018-06-12,19.5368465722773
2018-06-13,19.4109219748902
2018-06-14,19.4494051297899
2018-06-15,19.2220026047652
2018-06-18,19.2196523344358
2018-06-19,19.2782126829268
2018-06-20,19.278967943706
2018-06-21,19.212016493226
2018-06-22,19.4515233045818
2018-06-25,19.1012050090573
2018-06-26,19.1235706410458
2018-06-27,19.184337588991
2018-06-28,19.2680219605347
2018-06-29,19.4093642542983
2018-07-02,19.4371916356803
2018-07-03,19.3553402722178
2018-07-05,19.3784231044634
2018-07-06,19.5261317365269
2018-07-09,19.7548955509488
2018-07-10,19.7367812450499
2018-07-11,19.7020419558108
2018-07-12,19.939912
2018-07-13,20.0983331325059
2018-07-16,20.2050463522773
2018-07-17,20.1782392160013
2018-07-18,20.2623648132513
2018-07-19,20.4867383219584
2018-07-20,20.5833086906522
2018-07-23,20.4468220598441
2018-07-24,20.5310830045955
2018-07-25,20.7580658335375
2018-07-26,20.7444394782821
2018-07-27,20.7197134367241
2018-07-30,20.7577656564
2018-07-31,20.7971768749233
2018-08-01,20.7790518372703
2018-08-02,20.7124596197097
2018-08-03,20.912105781866
2018-08-06,21.1163202782148
2018-08-07,21.1459653465347
2018-08-08,21.049654434754
2018-08-09,21.0411432342145
2018-08-10,20.8252900041135
2018-08-13,20.7879338092683
2018-08-14,21.0062437728329
2018-08-15,21.0511252405254
2018-08-16,21.5376506277914
2018-08-17,21.760115288433
2018-08-20,21.8906178295232
2018-08-21,21.7222208201893
2018-08-22,21.5506239008458
2018-08-23,21.4370890253582
2018-08-24,21.721847890171
2018-08-27,21.8913735871255
2018-08-28,21.9034581284928
2018-08-29,21.5415955473098
2018-08-30,21.5784439093249
2018-08-31,21.5950596748035
2018-09-04,21.596471665141
2018-09-05,21.7227597742003
2018-09-06,21.7593287017661
2018-09-07,21.5200033214315
2018-09-10,21.5340995211326
2018-09-11,21.718564977421
2018-09-12,21.7746398659966
2018-09-13,21.8283436299883
2018-09-14,21.675440268512
2018-09-17,21.6067982092522
2018-09-18,21.930949197861
2018-09-19,22.015807903952
2018-09-20,22.158753117207
2018-09-21,22.2306733167082
2018-09-24,21.9957353428288
2018-09-25,22.0998623566215
2018-09-26,21.9978156655134
2018-09-27,22.0553303303303
2018-09-28,22.1223327759197
2018-10-01,22.5189776087875
2018-10-02,22.5883236311482
2018-10-03,22.4947721460613
2018-10-04,22.1250353136685
2018-10-05,22.04931426904
2018-10-08,22.0521022396137
2018-10-09,22.1213341144961
2018-10-10,21.5586491494021
2018-10-11,21.1166807147674
2018-10-12,21.0973191241362
2018-10-15,20.7184
2018-10-16,20.9232927818329
2018-10-17,20.919298531147
2018-10-18,20.688363562258
2018-10-19,20.7776743426425
2018-10-22,20.6125870140444
2018-10-23,20.5997465042113
2018-10-24,19.8959371965037
2018-10-25,20.2854301140746
2018-10-26,20.0367731201558
2018-10-29,19.7750252821488
2018-10-30,20.2109607962624
2018-10-31,20.5866885245902
2018-11-01,20.843179765131
2018-11-02,20.6587614960147
2018-11-05,20.6084176446783
2018-11-06,20.8143959077623
2018-11-07,21.2011985261368
2018-11-08,21.2066070199587
2018-11-09,21.2426335363112
2018-11-12,20.8253804191789
2018-11-13,20.9489996271903
2018-11-14,20.943175650286
2018-11-15,21.0489575096758
2018-11-16,20.9922517759789
2018-11-19,20.5769369962165
2018-11-20,19.9956193044829
2018-11-21,20.0021993295724
2018-11-23,19.7728068389986
2018-11-26,20.1613877183652
2018-11-27,20.1758692373538
2018-11-28,20.7064446349129
2018-11-29,20.8859545004946
2018-11-30,20.8230747278731
2018-12-03,21.161399483797
2018-12-04,20.3298566264571
2018-12-06,20.1817497876471
2018-12-07,19.7249787698653
2018-12-10,19.6771350306155
2018-12-11,19.5462303496952
2018-12-12,19.6493250550771
2018-12-13,19.7608997790721
2018-12-14,19.3663947928804
2018-12-17,19.0396481459065
2018-12-18,19.1071261399403
2018-12-19,18.6768577834721
2018-12-20,18.3081851673875
2018-12-21,17.8847569721116
2018-12-24,17.328403307888
2018-12-26,18.1395044598613
2018-12-27,18.3459425173439
2018-12-28,18.1436551018803
2018-12-31,18.2638167938931
2019-01-02,18.2157687356142
2019-01-03,17.6244717215662
2019-01-04,18.1941534997477
2019-01-07,18.2364087263146
2019-01-08,18.4184668989547
2019-01-09,18.5988939948594
2019-01-10,18.7324748302505
2019-01-11,18.5669684308264
2019-01-14,18.4946163366337
2019-01-15,18.6021411455515
2019-01-16,18.7747004304495
2019-01-17,18.8842309182487
2019-01-18,19.0930061823802
2019-01-22,19.0853835927113
2019-01-23,19.1287176493481
2019-01-24,19.1090668534516
2019-01-25,19.329712834538
2019-01-28,19.1186094547722
2019-01-29,18.8931283627978
2019-01-30,19.1193946573929
2019-01-31,19.0408393312769
2019-02-01,18.9519017013233
2019-02-04,19.1098769638463
2019-02-05,19.3833104500381
2019-02-06,19.3229071537291
2019-02-07,19.164373548559
2019-02-08,19.2150084187969
2019-02-11,19.1084661734421
2019-02-12,19.4572488999426
2019-02-13,19.4748932601403
2019-02-14,19.4023490828662
2019-02-15,19.8240340060506
2019-02-19,19.556116167529
2019-02-20,19.5212214659095
2019-02-21,19.2090878692179
2019-02-22,19.4987528556983
2019-02-25,19.7329930043486
2019-02-26,19.6049956739269
2019-02-27,19.5737712327219
2019-02-28,19.5378642240567
2019-03-01,19.635836885586
2019-03-04,19.7104087942288
2019-03-05,20.0447629034137
2019-03-06,19.9793463035019
2019-03-07,19.8150441445296
2019-03-08,19.7840796019901
2019-03-11,19.8214048373387
2019-03-12,19.7127781849038
2019-03-13,19.8179498053125
2019-03-14,19.6499082849282
2019-03-15,19.8959898399015
2019-03-18,19.8933712048516
2019-03-19,19.8317539357261
2019-03-20,19.6779684335231
2019-03-21,19.9251803530315
2019-03-22,19.3595384498596
2019-03-25,19.4621539165586
2019-03-26,19.4472505400387
2019-03-27,19.4834366090097
2019-03-28,19.5087881661293
2019-03-29,19.8398347233912
2019-04-01,20.3372342485381
2019-04-02,20.2640529452744
2019-04-03,20.3683421379739
2019-04-04,20.4239114448272
2019-04-05,20.4591127283989
2019-04-08,20.4368220963612
2019-04-09,20.1608048724077
2019-04-10,20.0922994200561
2019-04-11,20.0360591661557
2019-04-12,20.2447399685739
2019-04-15,20.3562627782278
2019-04-16,20.5577307169225
2019-04-17,20.6033417721519
2019-04-18,20.8130554031816
2019-04-22,20.7685468076772
2019-04-23,20.8824050137094
2019-04-24,20.8858219796615
2019-04-25,20.7741246663526
2019-04-26,20.7718668075283
2019-04-29,20.7213343737807
2019-04-30,20.740872752798
2019-05-01,20.5658016573941
2019-05-02,20.524098923389
2019-05-03,20.8462385465414
2019-05-06,20.8168812251486
2019-05-07,20.4441478681942
2019-05-08,20.2663935065949
2019-05-09,20.0569675791109
2019-05-10,20.2027645821976
2019-05-13,19.7020304963436
2019-05-14,19.9010483650961
2019-05-15,19.7657367447596
2019-05-16,19.9112171837709
2019-05-17,19.8865346763923
2019-05-20,19.9719240939493
2019-05-21,20.2919662811213
2019-05-22,20.201105015674
2019-05-23,20.0082182103611
2019-05-24,20.0522669383596
2019-05-28,19.7797658993367
2019-05-29,19.5703793130306
2019-05-30,19.6103467082197
2019-05-31,19.4406674762035
2019-06-03,19.1510648148148
2019-06-04,19.2794094143613
2019-06-05,19.2955349048051
2019-06-06,19.2268062044478
2019-06-07,19.4395989974937
2019-06-10,19.5328486847036
2019-06-11,19.6059837422851
2019-06-12,19.6611575246664
2019-06-13,19.5314929113829
2019-06-14,19.5310750112292
2019-06-17,19.30757514141
2019-06-18,19.8511401140114
2019-06-19,19.7121713584471
2019-06-20,19.9293578665077
2019-06-21,19.3385662070713
2019-06-24,19.2512983037419
2019-06-25,18.8894802376463
2019-06-26,18.563058305061
2019-06-27,18.856641194242
2019-06-28,18.9694847566411
2019-07-01,18.9056255307104
2019-07-02,19.2702996295097
2019-07-03,19.3568300911636
2019-07-05,19.0228722840488
2019-07-08,18.9523048642534
2019-07-09,19.0643390988682
2019-07-10,19.3531234238778
2019-07-11,19.4117166505428
2019-07-12,19.2059799030286
2019-07-15,19.4643995446784
2019-07-16,19.3014157105031
2019-07-17,19.2217004448838
2019-07-18,19.4338735008567
2019-07-19,19.1105637272151
2019-07-22,18.9081103649838
2019-07-23,19.1998244936642
2019-07-24,19.2373955063314
2019-07-25,19.0389533864123
2019-07-26,19.0643600799243
2019-07-29,19.1936188965274
2019-07-30,19.1677085168611
2019-07-31,18.8065875599426
2019-08-01,18.5826570200273
2019-08-02,18.8317761660978
2019-08-05,17.9086661327948
2019-08-06,17.8596315482521
2019-08-07,17.7905188630844
2019-08-08,17.7314489295197
2019-08-09,17.5553893415253
2019-08-12,17.2313734619222
2019-08-13,17.4971936482573
2019-08-14,16.6837480356207
2019-08-15,17.048948578665
2019-08-16,17.0566402003097
2019-08-19,17.3193664888506
2019-08-20,17.3157968452996
2019-08-21,17.4376800984927
2019-08-22,17.5055779681926
2019-08-23,17.1007539867886
2019-08-26,17.3178401872284
2019-08-27,17.2369775994651
2019-08-28,16.9965074909423
2019-08-29,17.0989135722393
2019-08-30,17.1823642338854
2019-09-03,17.1451209505366
2019-09-04,17.1982576919312
2019-09-05,17.3694762152327
2019-09-06,17.3716193439647
2019-09-09,17.8314960629921
2019-09-10,17.8214046822743
2019-09-11,18.1567242071457
2019-09-12,18.1986743882436
2019-09-13,18.1107288998303
2019-09-16,17.9757153289517
2019-09-17,18.0491994274492
2019-09-18,18.1065030347496
2019-09-19,18.0367394488084
2019-09-20,17.9758876134544
2019-09-23,17.9176849943488
2019-09-24,17.6424942415268
2019-09-25,17.7409702351587
2019-09-26,17.5661364601365
2019-09-27,17.7965230085266
2019-09-30,17.9907295391505
2019-10-01,17.8630276956171
2019-10-02,17.7877498124275
2019-10-03,17.6550924834069
2019-10-04,17.6686968085106
2019-10-07,17.5409208347135
2019-10-08,17.4177279233099
2019-10-09,17.5640066666667
2019-10-10,17.6244978049754
2019-10-11,17.7805264553773
2019-10-14,17.8779056962659
2019-10-15,18.08646767501
2019-10-16,18.0645459106874
2019-10-17,18.2293211021551
2019-10-18,18.0337498736906
2019-10-21,18.0353882352941
2019-10-22,17.9683402086058
2019-10-23,18.04023664661
2019-10-24,17.9391199598461
2019-10-25,18.1066326359271
2019-10-28,18.0046655368358
2019-10-29,17.9870569084084
2019-10-30,18.2124870205996
2019-10-31,18.1500050330504
2019-11-01,18.1541157727031
2019-11-04,18.1886346325794
2019-11-05,18.2166909620991
2019-11-06,18.2723381629669
2019-11-07,18.5917839508246
2019-11-08,18.651869820093
2019-11-11,18.8782015884378
2019-11-12,18.8955919481406
2019-11-13,19.0952508591065
2019-11-14,18.9838805562199
2019-11-15,19.0814499369741
2019-11-18,19.1295169213974
2019-11-19,19.1538809654416
2019-11-20,18.9918014881562
2019-11-21,18.8156739174629
2019-11-22,18.9772074341344
2019-11-25,19.0759668320533
2019-11-26,19.2686834081332
2019-11-27,19.3215106507049
2019-11-29,19.2455902027375
2019-12-02,19.0771723830123
2019-12-03,18.8698524871355
2019-12-04,18.8042573449402
2019-12-05,18.7537961174916
2019-12-06,18.9984131289841
2019-12-09,18.9236871546259
2019-12-10,19.0500956545504
2019-12-11,19.0592372563078
2019-12-12,19.1628691120875
2019-12-13,19.0787143147759
2019-12-16,19.2002515979872
2019-12-17,19.1330445377014
2019-12-18,19.1012445887446
2019-12-19,19.1878828859287
2019-12-20,19.2994370591427
2019-12-23,19.3320671677162
2019-12-24,19.2159102395633
2019-12-26,19.1980346782037
2019-12-27,19.2140456786397
2019-12-30,18.8416126042632
2019-12-31,18.8808733046642
2020-01-02,18.9552199606041
2020-01-03,18.831922659564
2020-01-06,18.5494248416699
2020-01-07,18.1270761327964
2020-01-08,18.34988190233
2020-01-09,18.2941529519538
2020-01-10,18.6218108989889
2020-01-13,18.6641593491736
2020-01-14,18.6665398135905
2020-01-15,18.7903945111492
2020-01-16,18.8785617630002
2020-01-17,18.8709490740741
2020-01-21,18.7244123777457
2020-01-22,18.7542297188755
2020-01-23,18.7151594891214
2020-01-24,18.6543097068949
2020-01-27,18.2705125332138
2020-01-28,18.1394107802583
2020-01-29,18.1909660673588
2020-01-30,18.3677698574338
2020-01-31,17.8790369526702
2020-02-03,17.9648986304836
2020-02-04,18.2459575007125
2020-02-05,18.6423434317719
2020-02-06,18.9278250225486
2020-02-07,18.5988240933056
2020-02-10,18.6678696677932
2020-02-11,18.5993710492043
2020-02-12,18.8501754162148
2020-02-13,18.7798372426999
2020-02-14,18.6654476190476
2020-02-18,18.4978738214263
2020-02-19,18.478799899257
2020-02-20,18.1546940043492
2020-02-21,18.0037942062285
2020-02-24,17.1150149966334
2020-02-25,16.0973400303147
2020-02-26,16.2797209976448
2020-02-27,15.6355714675809
2020-02-28,15.4314101785497
2020-03-02,16.4191717649952
2020-03-03,16.1007703298751
2020-03-04,16.9418467214909
2020-03-05,15.8811284046693
2020-03-06,15.6998877052414
2020-03-09,14.1381268524007
2020-03-10,14.9219611117738
2020-03-11,14.2109448533848
2020-03-12,12.7522526315789
2020-03-13,14.1665108605994
2020-03-16,12.7119730504046
2020-03-17,14.1144983883295
2020-03-18,13.5150745407002
2020-03-19,13.3381075697211
2020-03-20,12.9492672384683
2020-03-23,12.357958057762
2020-03-24,13.8540715958515
2020-03-25,13.2544857768053
2020-03-26,13.9129337734045
2020-03-27,13.355212641195
2020-03-30,13.7721934369603
2020-03-31,13.4920496167934
2020-04-01,13.0517620664943
2020-04-02,13.4316700642936
2020-04-03,13.2568432983848
2020-04-06,14.0891380649169
2020-04-07,13.8420261517781
2020-04-08,14.1832526328532
2020-04-09,14.3836572572087
2020-04-13,14.0696360902256
2020-04-14,14.4058706766917
2020-04-15,13.6983710697322
2020-04-16,13.7466374653234
2020-04-17,14.1121110690689
2020-04-20,13.9683075923574
2020-04-21,13.6614617644441
2020-04-22,13.9853568449899
2020-04-23,13.8109770064312
2020-04-24,13.7624207692976
2020-04-27,13.9723722680562
2020-04-28,14.0349686999563
2020-04-29,14.4217902933084
2020-04-30,14.2706447831184
2020-05-01,13.8189544196884
2020-05-04,14.1954872837034
2020-05-05,14.0183659094911
2020-05-06,13.9507398455462
2020-05-07,14.0537347695568
2020-05-08,14.4087407100346
2020-05-11,14.3439966837414
2020-05-12,13.9891570520367
2020-05-13,13.6475799113564
2020-05-14,13.8984851604553
2020-05-15,13.7994756467024
2020-05-18,14.1783842983543
2020-05-19,13.7781660879959
2020-05-20,14.1627431205878
2020-05-21,13.9848118625182
2020-05-22,14.1188596491228
2020-05-26,14.4276083003839
2020-05-27,14.8299346974314
2020-05-28,14.8964255344105
2020-05-29,14.7293622700633
2020-06-01,14.7625648306435
2020-06-02,14.8389727922527
2020-06-03,15.0954690418043
2020-06-04,15.3014788076386
2020-06-05,15.8873567933429
2020-06-08,16.1284782545114
2020-06-09,16.1183806146572
2020-06-10,15.806729136164
2020-06-11,14.6293889907723
2020-06-12,14.7846526935735
2020-06-15,14.8418123685802
2020-06-16,15.3706618334892
2020-06-17,15.1124540746955
2020-06-18,15.1866884062191
2020-06-19,14.9317288546446
2020-06-22,15.0559486274623
2020-06-23,14.9853046492309
2020-06-24,14.4859045884094
2020-06-25,14.4988455257082
2020-06-26,14.2251002246169
2020-06-29,14.5257363373248
2020-06-30,14.5934418815016
2020-07-01,14.5337832495623
2020-07-02,14.4496811010406
2020-07-06,14.8125151438312
2020-07-07,14.5909490532011
2020-07-08,14.6816558715855
2020-07-09,14.2863200600217
2020-07-10,14.3867692901873
2020-07-13,14.4459642807698
2020-07-14,14.7355382871049
2020-07-15,14.9427761094428
2020-07-16,14.77627259161
2020-07-17,14.779978942702
2020-07-20,14.7988629430362
2020-07-21,14.8264928464895
2020-07-22,14.8123299692848
2020-07-23,14.3988816855754
2020-07-24,14.062151034611
2020-07-27,14.0374211262772
2020-07-28,13.5937131225683
2020-07-29,13.7393264825408
2020-07-30,13.4641440888275
2020-07-31,13.5377113000717
2020-08-03,13.5030131159163
2020-08-04,13.5981499784587
2020-08-05,13.7921257447078
2020-08-06,13.4616137039495
2020-08-07,13.3877363784984
2020-08-10,13.4811739024982
2020-08-11,13.6368566221741
2020-08-12,14.0122408093759
2020-08-13,14.4415385411813
2020-08-14,14.4645365095805
2020-08-17,14.2919006313196
2020-08-18,14.2462599687155
2020-08-19,13.8108769917463
2020-08-20,13.9175325489803
2020-08-21,14.486310002334
2020-08-24,14.6459683886489
2020-08-25,14.5046032194295
2020-08-26,14.7144407800774
2020-08-27,14.8513265572062
2020-08-28,14.7791778419641
2020-08-31,14.5359051051972
2020-09-01,14.6461436204208
2020-09-02,14.6384466410121
2020-09-03,14.3690858303707
2020-09-04,14.5459438498526
2020-09-08,14.2609883841527
2020-09-09,14.5477819431428
2020-09-10,14.2784588259697
2020-09-11,14.225442204854
2020-09-14,14.3961583954744
2020-09-15,14.4136333213201
2020-09-16,14.2763769702834
2020-09-17,14.2009263029316
2020-09-18,14.2851195702701
2020-09-21,13.8880675278169
2020-09-22,14.1323631467191
2020-09-23,14.0629131417161
2020-09-24,14.2023409777025
2020-09-25,14.6826745913819
2020-09-28,14.7504398278121
2020-09-29,14.8316594181366
2020-09-30,14.758659158521
2020-10-01,14.7695125836254
2020-10-02,14.604104349661
2020-10-05,14.7653378094838
2020-10-06,14.6199352512305
2020-10-07,14.7991947712418
2020-10-08,15.0558845338983
2020-10-09,15.1145478097655
2020-10-12,15.0792302865509
2020-10-13,14.9389571830399
2020-10-14,14.8448563098709
2020-10-15,15.0250204329141
2020-10-16,15.122011946926
2020-10-19,14.7759249554554
2020-10-20,14.8213560209424
2020-10-21,14.798342382039
2020-10-22,14.7808228458271
2020-10-23,14.782361687143
2020-10-26,14.4904113890924
2020-10-27,14.44214871687
2020-10-28,13.965953973353
2020-10-29,14.0544112607744
2020-10-30,14.120254682047
2020-11-02,14.3539023350037
2020-11-03,14.5647436067312
2020-11-04,14.6578203542385
2020-11-05,15.0327923539223
2020-11-06,14.776398163606
2020-11-09,14.968541286994
2020-11-10,15.030228102889
2020-11-11,15.679572243853
2020-11-12,15.499504317237
2020-11-13,15.781482869379
2020-11-16,15.9463528910659
2020-11-17,15.736737820987
2020-11-18,15.6138856476079
2020-11-19,15.7059610057532
2020-11-20,15.7550769893399
2020-11-23,15.8496357793251
2020-11-24,16.1209571842472
2020-11-25,16.4305978769045
2020-11-27,16.480904757969
2020-11-30,16.3925997621747
2020-12-01,16.8311295465448
2020-12-02,16.6372285936978
2020-12-03,16.3504296352874
2020-12-04,16.4695116633966
2020-12-07,16.3484967107052
2020-12-08,16.4632693147097
2020-12-09,16.1270099222312
2020-12-10,16.1303688568663
2020-12-11,16.3811852578781
2020-12-14,16.2853052654542
2020-12-15,16.5907485235545
2020-12-16,16.3501274196172
2020-12-17,16.2803180487281
2020-12-18,16.1217179946046
2020-12-21,16.0815615104181
2020-12-22,16.0575150461415
2020-12-23,16.0838253349704
2020-12-24,16.1747469337475
2020-12-28,16.2366665776615
2020-12-29,16.2001922512082
2020-12-30,16.2279523987406
2020-12-31,16.3012862506991
2021-01-04,15.9821743958543
2021-01-05,15.7404184793868
2021-01-06,15.8379697413372
2021-01-07,15.8599683220928
2021-01-08,16.2727139530625
2021-01-11,16.3954370010046
2021-01-12,16.8138813724429
2021-01-13,16.6825845261434
2021-01-14,16.7304685812999
2021-01-15,16.7446053525336
2021-01-19,16.8655197797105
2021-01-20,16.9216971406869
2021-01-21,16.8100992127683
2021-01-22,16.5967820523117
2021-01-25,16.7026327147173
2021-01-26,16.6722569519293
2021-01-27,16.351807684006
2021-01-28,16.5746100519931
2021-01-29,16.2980023374011
2021-02-01,16.3069628110325
2021-02-02,16.5181827968565
2021-02-03,16.6334253694981
2021-02-04,16.9269417343435
2021-02-05,17.1942480196517
2021-02-08,17.3541013519118
2021-02-09,17.3189247371181
2021-02-10,17.0251550188189
2021-02-11,17.0499335485096
2021-02-12,17.0811750013574
2021-02-16,17.3444936586976
2021-02-17,17.3369272532836
2021-02-18,17.6053553959248
2021-02-19,17.6656495400494
2021-02-22,17.7712135306554
2021-02-23,17.5324382921948
2021-02-24,17.6633655705996
2021-02-25,17.3755761516116
2021-02-26,17.2604039953128
2021-03-01,17.8661322304685
2021-03-02,17.9693294026732
2021-03-03,18.0908822678623
2021-03-04,17.9057583741061
2021-03-05,18.4183503406333
2021-03-08,18.7508858819021
2021-03-09,18.7864734869722
2021-03-10,18.9664503626274
2021-03-11,18.9807712532866
2021-03-12,18.8778990410919
2021-03-15,19.3405874930305
2021-03-16,18.9975982406389
2021-03-17,19.0586907579519
2021-03-18,18.9195428768819
2021-03-19,18.8155066028487
2021-03-22,18.8413539028321
2021-03-23,18.7049440406138
2021-03-24,18.6402529826074
2021-03-25,18.8111530809377
2021-03-26,19.1261161230627
2021-03-29,19.1980611742918
2021-03-30,19.1809275210998
2021-03-31,19.4386456061767
2021-04-01,19.6714094995105
2021-04-05,19.5396975260075
2021-04-06,19.4831949179707
2021-04-07,19.3213714219693
2021-04-08,19.2992914746544
2021-04-09,19.3844124562711
2021-04-12,19.3057009639864
2021-04-13,19.3375269156786
2021-04-14,19.5190613969099
2021-04-15,19.5238857339528
2021-04-16,19.5656006864989
2021-04-19,19.2915904780775
2021-04-20,18.9114851263699
2021-04-21,19.335774568111
2021-04-22,18.9864967294573
2021-04-23,19.0650407414667
2021-04-26,19.0340951100655
2021-04-27,19.0964122158851
2021-04-28,18.9906114885732
2021-04-29,19.306952356659
2021-04-30,19.0881864029527
2021-05-03,19.2860866123926
2021-05-04,19.2972806422433
2021-05-05,19.1771982408471
2021-05-06,19.4305728185372
2021-05-07,19.394785712294
2021-05-10,19.0842186212579
2021-05-11,18.6839462421285
2021-05-12,18.2824810167923
2021-05-13,18.5544557155323
2021-05-14,18.9506310973929
2021-05-17,18.7225470411781
2021-05-18,18.4266060753604
2021-05-19,18.1514619256721
2021-05-20,18.324811827957
2021-05-21,18.2993232941932
2021-05-24,18.3175671717306
2021-05-25,18.2819404853878
2021-05-26,18.2297907371999
2021-05-27,18.0983248437746
2021-05-28,18.2208648848315
2021-06-01,18.2701313112632
2021-06-02,18.1372228337789
2021-06-03,18.237797352181
2021-06-04,18.3687286948709
2021-06-07,18.523302398973
2021-06-08,18.3841130681969
2021-06-09,18.2062524774715
2021-06-10,18.2317649236954
2021-06-11,18.3207226354942
2021-06-14,18.1789952165755
2021-06-15,18.4429788950128
2021-06-16,18.2598760629879
2021-06-17,18.2032452505247
2021-06-18,18.4253936626539
2021-06-21,18.9008675760873
2021-06-22,19.044337849589
2021-06-23,19.0400989264235
2021-06-24,19.1804475853946
2021-06-25,19.3426805976857
2021-06-28,19.2251619234544
2021-06-29,19.3277666619698
2021-06-30,19.4973496835443
2021-07-01,19.7027705085903
2021-07-02,19.6089909808343
2021-07-06,19.3067198972612
2021-07-07,19.1845281557694
2021-07-08,19.0782485797423
2021-07-09,19.2626211849192
2021-07-12,19.405667073306
2021-07-13,19.3509470589867
